Row;GTIN;Name;Last updated;GTIN Label
1;7300000000004;Not found;-;-
2;7300000003982;Not found;-;-
3;7300000090005;Not found;-;-
4;7300000090104;Not found;-;-
5;7300000090203;Not found;-;-
6;7300000091002;Not found;-;-
7;7300000091101;Not found;-;-
8;7300000091200;Not found;-;-
9;7300000091309;Not found;-;-
10;7300000091408;Not found;-;-
11;7300000093006;Not found;-;-
12;7300000093105;Not found;-;-
13;7300000093204;Not found;-;-
14;7300000093303;Not found;-;-
15;7300000093402;Not found;-;-
16;7300000093501;Not found;-;-
17;7300000093600;Not found;-;-
18;7300000097004;Not found;-;-
19;7300000097103;Not found;-;-
20;7300000097202;Not found;-;-
21;7300000097301;Not found;-;-
22;7300000097400;Not found;-;-
23;7300000098001;Not found;-;-
24;7300000098100;Not found;-;-
25;7300000098209;Not found;-;-
26;7300000098254;Not found;-;-
27;7300000098407;Not found;-;-
28;7300000098452;Not found;-;-
29;7300000098506;Not found;-;-
30;7300000098605;Not found;-;-
31;7300000302009;Not found;-;-
32;7300000304003;Not found;-;-
33;7300000500702;Not found;-;-
34;7300008194842;Not found;-;-
35;7300009001446;;Broken at gs1.se;()
36;7300009004911;Not found;-;-
37;7300009005222;Not found;-;-
38;7300009007547;Upsala Handelsförening;Last updated: 2015-11-24;(GLN: 7300009007547, GCP: 7300009 00754)
39;7300009012299;Not found;-;-
40;7300009012701;Not found;-;-
41;7300009018055;;Broken at gs1.se;()
42;7300009022502;Not found;-;-
43;7300009022601;Not found;-;-
44;7300009040674;Not found;-;-
45;7300009042234;;Broken at gs1.se;()
46;7300009047666;Not found;-;-
47;7300009048984;;Broken at gs1.se;()
48;7300009050758;Not found;-;-
49;7300009112074;Not found;-;-
50;7300009116249;Not found;-;-
51;7300009117598;Not found;-;-
52;7300009119059;Not found;-;-
53;7300009119325;Not found;-;-
54;7300009119936;Not found;-;-
55;7300009123070;Not found;-;-
56;7300009128471;Not found;-;-
57;7300009129058;Not found;-;-
58;7300009129065;Not found;-;-
59;7300009129072;Not found;-;-
60;7300009129096;Not found;-;-
61;7300009135127;Not found;-;-
62;7300009138333;Not found;-;-
63;7300009141180;Not found;-;-
64;7300009161041;Not found;-;-
65;7300009161058;Not found;-;-
66;7300009161072;Not found;-;-
67;7300009161096;Not found;-;-
68;7300009171521;Not found;-;-
69;7300009200375;Not found;-;-
70;7300009235223;Not found;-;-
71;7300009235254;Not found;-;-
72;7300009236008;Not found;-;-
73;7300009253203;Not found;-;-
74;7300009253210;Not found;-;-
75;7300009253265;Not found;-;-
76;7300009253272;Not found;-;-
77;7300009253289;Not found;-;-
78;7300009261024;Not found;-;-
79;7300009261321;Not found;-;-
80;7300009261765;Not found;-;-
81;7300009263042;Not found;-;-
82;7300009263165;Not found;-;-
83;7300009281442;Not found;-;-
84;7300009281503;Not found;-;-
85;7300009281640;Not found;-;-
86;7300009281664;Not found;-;-
87;7300009281749;Not found;-;-
88;7300009284641;Not found;-;-
89;7300009286065;Not found;-;-
90;7300009289110;Not found;-;-
91;7300009289189;Not found;-;-
92;7300009289196;Not found;-;-
93;7300009289301;Not found;-;-
94;7300009291205;Not found;-;-
95;7300009292257;Not found;-;-
96;7300009292264;Not found;-;-
97;7300009293919;Not found;-;-
98;7300009295012;Not found;-;-
99;7300009301614;Not found;-;-
100;7300009302369;Not found;-;-
101;7300009303274;Not found;-;-
102;7300009303281;Not found;-;-
103;7300009303328;Not found;-;-
104;7300009304943;Not found;-;-
105;7300009304950;Not found;-;-
106;7300009304967;Not found;-;-
107;7300009304974;Not found;-;-
108;7300009305117;Not found;-;-
109;7300009310913;Not found;-;-
110;7300009310937;Not found;-;-
111;7300009310944;Not found;-;-
112;7300009312399;Not found;-;-
113;7300009312528;Not found;-;-
114;7300009312580;Not found;-;-
115;7300009312597;Not found;-;-
116;7300009312726;Not found;-;-
117;7300009312733;Not found;-;-
118;7300009312740;Not found;-;-
119;7300009312818;Not found;-;-
120;7300009312900;Not found;-;-
121;7300009312917;Not found;-;-
122;7300009312924;Not found;-;-
123;7300009313020;Not found;-;-
124;7300009313037;Not found;-;-
125;7300009313112;Not found;-;-
126;7300009313143;Not found;-;-
127;7300009320103;Not found;-;-
128;7300009320165;Not found;-;-
129;7300009322039;Not found;-;-
130;7300009322138;Not found;-;-
131;7300009322145;Not found;-;-
132;7300009322183;Not found;-;-
133;7300009322220;Not found;-;-
134;7300009322374;Not found;-;-
135;7300009322480;Not found;-;-
136;7300009324057;Not found;-;-
137;7300009324309;Not found;-;-
138;7300009324422;Not found;-;-
139;7300009324651;Not found;-;-
140;7300009324675;Not found;-;-
141;7300009324958;Not found;-;-
142;7300009325009;Not found;-;-
143;7300009336562;Not found;-;-
144;7300009351381;Not found;-;-
145;7300009351534;Not found;-;-
146;7300009351589;Not found;-;-
147;7300009352593;Not found;-;-
148;7300009406104;Not found;-;-
149;7300009406128;Not found;-;-
150;7300009406173;Not found;-;-
151;7300009406319;Not found;-;-
152;7300009406364;Not found;-;-
153;7300009406401;Not found;-;-
154;7300009406487;Not found;-;-
155;7300009406531;Not found;-;-
156;7300009414758;Not found;-;-
157;7300009415663;Not found;-;-
158;7300009416202;Not found;-;-
159;7300009416264;Not found;-;-
160;7300009416288;Not found;-;-
161;7300009416301;Not found;-;-
162;7300009416325;Not found;-;-
163;7300009416363;Not found;-;-
164;7300009417063;Not found;-;-
165;7300009417155;Not found;-;-
166;7300009417193;Not found;-;-
167;7300009417209;Not found;-;-
168;7300009417223;Not found;-;-
169;7300009417230;Not found;-;-
170;7300009417247;Not found;-;-
171;7300009417605;Not found;-;-
172;7300009418725;Not found;-;-
173;7300009418893;Not found;-;-
174;7300009419593;Not found;-;-
175;7300009419715;Not found;-;-
176;7300009419722;Not found;-;-
177;7300009419906;Not found;-;-
178;7300009424047;Not found;-;-
179;7300009424108;Not found;-;-
180;7300009433001;Not found;-;-
181;7300009438006;Not found;-;-
182;7300009466658;Not found;-;-
183;7300009466726;Not found;-;-
184;7300009466740;Not found;-;-
185;7300009466887;Not found;-;-
186;7300009467228;Not found;-;-
187;7300009467242;Not found;-;-
188;7300009467815;Not found;-;-
189;7300009490776;Not found;-;-
190;7300009491377;Not found;-;-
191;7300009494057;Not found;-;-
192;7300009494293;Not found;-;-
193;7300009495436;Not found;-;-
194;7300009500499;Not found;-;-
195;7300009502189;Not found;-;-
196;7300009502196;Not found;-;-
197;7300009505289;Not found;-;-
198;7300009506743;Not found;-;-
199;7300009506767;Not found;-;-
200;7300009506774;Not found;-;-
201;7300009506781;Not found;-;-
202;7300009507009;Not found;-;-
203;7300009507160;Not found;-;-
204;7300009510047;Not found;-;-
205;7300009510054;Not found;-;-
206;7300009515141;Not found;-;-
207;7300009520237;Not found;-;-
208;7300009522088;Not found;-;-
209;7300009523528;Not found;-;-
210;7300009523535;Not found;-;-
211;7300009523634;Not found;-;-
212;7300009523665;Not found;-;-
213;7300009523795;Not found;-;-
214;7300009523870;Not found;-;-
215;7300009524037;Not found;-;-
216;7300009525829;Not found;-;-
217;7300009525836;Not found;-;-
218;7300009525850;Not found;-;-
219;7300009525867;Not found;-;-
220;7300009528332;Not found;-;-
221;7300009528448;Not found;-;-
222;7300009541270;Not found;-;-
223;7300009541522;Not found;-;-
224;7300009544325;Not found;-;-
225;7300009547760;Not found;-;-
226;7300009547814;Not found;-;-
227;7300009548279;Not found;-;-
228;7300009550166;Not found;-;-
229;7300009552030;Not found;-;-
230;7300009569007;Not found;-;-
231;7300009570003;Not found;-;-
232;7300009590957;Not found;-;-
233;7300009596263;Not found;-;-
234;7300009604098;Not found;-;-
235;7300009605279;Not found;-;-
236;7300009610266;Not found;-;-
237;7300009611041;Not found;-;-
238;7300009611287;Not found;-;-
239;7300009611355;Not found;-;-
240;7300009611454;Not found;-;-
241;7300009611751;Not found;-;-
242;7300009611881;Not found;-;-
243;7300009612017;Not found;-;-
244;7300009612031;Not found;-;-
245;7300009612208;Not found;-;-
246;7300009612291;Not found;-;-
247;7300009612413;Not found;-;-
248;7300009612482;Not found;-;-
249;7300009612536;Not found;-;-
250;7300009612543;Not found;-;-
251;7300009612567;Not found;-;-
252;7300009613007;Not found;-;-
253;7300009613021;Not found;-;-
254;7300009614776;Not found;-;-
255;7300009615179;Not found;-;-
256;7300009615193;Not found;-;-
257;7300009615476;Not found;-;-
258;7300009615575;Not found;-;-
259;7300009615810;Not found;-;-
260;7300009615834;Not found;-;-
261;7300009615926;Not found;-;-
262;7300009616718;Not found;-;-
263;7300009618064;Not found;-;-
264;7300009618682;Not found;-;-
265;7300009619382;Not found;-;-
266;7300009619887;Not found;-;-
267;7300009620029;Not found;-;-
268;7300009620548;Not found;-;-
269;7300009626038;Not found;-;-
270;7300009626069;Not found;-;-
271;7300009632534;Not found;-;-
272;7300009632589;Not found;-;-
273;7300009634019;Not found;-;-
274;7300009640102;Not found;-;-
275;7300009640195;Not found;-;-
276;7300009641260;Not found;-;-
277;7300009650101;Not found;-;-
278;7300009650125;Not found;-;-
279;7300009650415;Not found;-;-
280;7300009650453;Not found;-;-
281;7300009655083;Not found;-;-
282;7300009670475;Not found;-;-
283;7300009670697;Not found;-;-
284;7300009671816;Not found;-;-
285;7300009671823;Not found;-;-
286;7300009673063;Not found;-;-
287;7300009673087;Not found;-;-
288;7300009673155;Not found;-;-
289;7300009673315;Not found;-;-
290;7300009673872;Not found;-;-
291;7300009679256;Not found;-;-
292;7300009679300;Not found;-;-
293;7300009679393;Not found;-;-
294;7300009679409;Not found;-;-
295;7300009700318;Not found;-;-
296;7300009701100;Not found;-;-
297;7300009800858;Not found;-;-
298;7300009800988;Not found;-;-
299;7300009800995;Not found;-;-
300;7300009803057;Not found;-;-
301;7300009805006;Not found;-;-
302;7300009805204;Not found;-;-
303;7300009805549;Not found;-;-
304;7300009805600;Not found;-;-
305;7300009808052;Not found;-;-
306;7300009902873;Not found;-;-
307;7300009902910;Not found;-;-
308;7300009902927;Not found;-;-
309;7300009902934;Not found;-;-
310;7300009903207;Not found;-;-
311;7300009903221;Not found;-;-
312;7300009908110;Not found;-;-
313;7300009931125;Not found;-;-
314;7300009934065;Not found;-;-
315;7300009934973;Not found;-;-
316;7300009940073;Not found;-;-
317;7300009950348;Not found;-;-
318;7300010900004;Not found;-;-
319;7300011234566;Not found;-;-
320;7300059510134;Not found;-;-
321;7300061600007;World Wide Widgets;Last updated: 2016-01-22;(GLN: 7300060000006, GCP: 730 006)
322;7300522985018;Not found;-;-
323;7300522985025;Not found;-;-
324;7300522985056;Not found;-;-
325;7300522985070;Not found;-;-
326;7300522985087;Not found;-;-
327;7300522985094;Not found;-;-
328;7301002402698;;Broken at gs1.se;(GLN: 7301002402698)
329;7301002402704;;Broken at gs1.se;(GLN: 7301002402704)
330;7302853000538;Not found;-;-
331;7303056301019;Not found;-;-
332;7303056301040;Not found;-;-
333;7303056301064;Not found;-;-
334;7303056301125;Not found;-;-
335;7303056301217;Not found;-;-
336;7303056301248;Not found;-;-
337;7303056301279;Not found;-;-
338;7303056301286;Not found;-;-
339;7303056301316;Not found;-;-
340;7303056301323;Not found;-;-
341;7303056301347;Not found;-;-
342;7303056301422;Not found;-;-
343;7303056301521;Not found;-;-
344;7303056301552;Not found;-;-
345;7303056301897;Not found;-;-
346;7303056301903;Not found;-;-
347;7303056301927;Not found;-;-
348;7303056301934;Not found;-;-
349;7303213311295;Not found;-;-
350;7303213316283;Not found;-;-
351;7303213316290;Not found;-;-
352;7303213316986;Not found;-;-
353;7303213316993;Not found;-;-
354;7303213317006;Not found;-;-
355;7304081005064;Not found;-;-
356;7305002830598;Not found;-;-
357;7305003611127;Not found;-;-
358;7305005023539;Not found;-;-
359;7305562400118;Not found;-;-
360;7305562400613;Not found;-;-
361;7305562400620;Not found;-;-
362;7305562400712;Not found;-;-
363;7305562400729;Not found;-;-
364;7305562400811;Not found;-;-
365;7305562400910;Not found;-;-
366;7305562403515;Not found;-;-
367;7305562403522;Not found;-;-
368;7305562403621;Not found;-;-
369;7305562403713;Not found;-;-
370;7305562403720;Not found;-;-
371;7305562404116;Not found;-;-
372;7305562404222;Not found;-;-
373;7305562404512;Not found;-;-
374;7305562407216;Not found;-;-
375;7305562410711;Not found;-;-
376;7305562411015;Not found;-;-
377;7305562412012;Not found;-;-
378;7305562412111;Not found;-;-
379;7305562412319;Not found;-;-
380;7305562412616;Not found;-;-
381;7305562412715;Not found;-;-
382;7305562430016;Not found;-;-
383;7305562430719;Not found;-;-
384;7305562435011;Not found;-;-
385;7305562435523;Not found;-;-
386;7305562435530;Not found;-;-
387;7305562435622;Not found;-;-
388;7305562437329;Not found;-;-
389;7305562440015;Not found;-;-
390;7305562440114;Not found;-;-
391;7305562440213;Not found;-;-
392;7305562440312;Not found;-;-
393;7305562440527;Not found;-;-
394;7305562440725;Not found;-;-
395;7305562446529;Not found;-;-
396;7305562460518;Not found;-;-
397;7305562460624;Not found;-;-
398;7305562460716;Not found;-;-
399;7305562461713;Not found;-;-
400;7305562461812;Not found;-;-
401;7305562461911;Not found;-;-
402;7305562462017;Not found;-;-
403;7305562462215;Not found;-;-
404;7305562463915;Not found;-;-
405;7305562464912;Not found;-;-
406;7305562465315;Not found;-;-
407;7305562465414;Not found;-;-
408;7305562465513;Not found;-;-
409;7305562465612;Not found;-;-
410;7305562465711;Not found;-;-
411;7305562473518;Not found;-;-
412;7307300075008;Not found;-;-
413;7307306029906;Not found;-;-
414;7307306065003;Not found;-;-
415;7307306079000;Not found;-;-
416;7307308075000;Not found;-;-
417;7307310075005;Not found;-;-
418;7307313075002;Not found;-;-
419;7307322082008;Not found;-;-
420;7308870000025;Not found;-;-
421;7308870000582;Not found;-;-
422;7308870005754;Not found;-;-
423;7308870300576;Not found;-;-
424;7309041426279;Not found;-;-
425;7309249801137;Not found;-;-
426;7309313900179;Not found;-;-
427;7309344200132;Not found;-;-
428;7309344201894;Not found;-;-
429;7309344201993;Not found;-;-
430;7309344206851;Not found;-;-
431;7309344207100;Not found;-;-
432;7309344283937;Not found;-;-
433;7309344285023;Not found;-;-
434;7309344286129;Not found;-;-
435;7309344288819;Not found;-;-
436;7309344290003;Not found;-;-
437;7309754332553;Not found;-;-
438;7309998099007;Not found;-;-
439;7311265465460;Not found;-;-
440;7311288215004;Not found;-;-
441;7311490030594;Orkla House Care AB;Last updated: 2016-07-28;(GLN: 7311490000009, GCP: 731 149)
442;7311490030600;Orkla House Care AB;Last updated: 2016-07-28;(GLN: 7311490000009, GCP: 731 149)
443;7311490034783;Orkla House Care AB;Last updated: 2016-07-28;(GLN: 7311490000009, GCP: 731 149)
444;7311490034813;Orkla House Care AB;Last updated: 2016-07-28;(GLN: 7311490000009, GCP: 731 149)
445;7311560032527;Not found;-;-
446;7311560532522;Not found;-;-
447;7311561132561;Not found;-;-
448;7311561132608;Not found;-;-
449;7311564654350;Not found;-;-
450;7312144000024;;Broken at gs1.se;()
451;7312231565467;Not found;-;-
452;7313750003065;Not found;-;-
453;7314262162486;Not found;-;-
454;7314390000018;;Broken at gs1.se;()
455;7314390000025;;Broken at gs1.se;()
456;7314390000032;;Broken at gs1.se;()
457;7314390000049;;Broken at gs1.se;()
458;7314390000056;;Broken at gs1.se;()
459;7314390000070;;Broken at gs1.se;()
460;7314390000148;;Broken at gs1.se;()
461;7314390000155;;Broken at gs1.se;()
462;7314390000162;;Broken at gs1.se;()
463;7314390000193;;Broken at gs1.se;()
464;7314390000209;;Broken at gs1.se;()
465;7314390000261;;Broken at gs1.se;()
466;7314390000278;;Broken at gs1.se;()
467;7314390000292;;Broken at gs1.se;()
468;7314390000315;;Broken at gs1.se;()
469;7314390000360;;Broken at gs1.se;()
470;7314390000377;;Broken at gs1.se;()
471;7314390000407;;Broken at gs1.se;()
472;7314390000414;;Broken at gs1.se;()
473;7314390000599;;Broken at gs1.se;()
474;7314571060510;Not found;-;-
475;7314571060527;Not found;-;-
476;7314571060534;Not found;-;-
477;7314571060572;Not found;-;-
478;7314571120115;Not found;-;-
479;7314571120122;Not found;-;-
480;7314571120139;Not found;-;-
481;7314571130800;Not found;-;-
482;7314571150853;Not found;-;-
483;7314571151003;Not found;-;-
484;7314571151010;Not found;-;-
485;7314571151027;Not found;-;-
486;7314571151034;Not found;-;-
487;7314571151102;Not found;-;-
488;7314571151119;Not found;-;-
489;7314571151126;Not found;-;-
490;7314571151133;Not found;-;-
491;7314571151140;Not found;-;-
492;7314571151744;Not found;-;-
493;7314571151751;Not found;-;-
494;7314571407582;Not found;-;-
495;7314587215676;Not found;-;-
496;7314610020123;Not found;-;-
497;7314610020154;Not found;-;-
498;7314920982746;Tremco illbruck AB;Last updated: 2016-10-03;(GLN: 7314920000006, GCP: 731 492)
499;7314987613577;Not found;-;-
500;7315150827449;Not found;-;-
501;7315150944894;Not found;-;-
502;7315162165683;Not found;-;-
503;7315168984516;Not found;-;-
504;7315400007980;Not found;-;-
505;7315400050122;Not found;-;-
506;7315400127985;Not found;-;-
507;7315400158934;Not found;-;-
508;7315400264086;Not found;-;-
509;7315468495583;Not found;-;-
510;7315498484953;Elfa International AB;Last updated: 2016-06-16;(GLN: 7315490000007, GCP: 731 549)
511;7315547598006;AB Rörets Industrier;Last updated: 2016-05-05;(GLN: 7315540000001, GCP: 731 554)
512;7315589874489;Not found;-;-
513;7315613132165;Not found;-;-
514;7315645648948;Not found;-;-
515;7315648979841;Not found;-;-
516;7315659846651;Not found;-;-
517;7315712145455;Not found;-;-
518;7315837000585;Not found;-;-
519;7315842125891;Not found;-;-
520;7315997000005;Not found;-;-
521;7315998654986;Not found;-;-
522;7316340000925;Not found;-;-
523;7316340000949;Not found;-;-
524;7316494518994;Not found;-;-
525;7316495845457;Not found;-;-
526;7316520000004;Not found;-;-
527;7316546486653;Not found;-;-
528;7316549851847;Not found;-;-
529;7316984984650;Not found;-;-
530;7317603900006;Not found;-;-
531;7317609412121;Not found;-;-
532;7317609412213;Not found;-;-
533;7317609412381;Not found;-;-
534;7317609412398;Not found;-;-
535;7318040010006;Not found;-;-
536;7318310006142;Not found;-;-
537;7318498494984;Not found;-;-
538;7318514465325;Not found;-;-
539;7318668899779;Not found;-;-
540;7318706000006;Not found;-;-
541;7318871000108;Orkla House Care AB;Last updated: 2016-07-28;(GLN: 7311490000009, GCP: 731 887)
542;7319140003479;Not found;-;-
543;7319830899702;Not found;-;-
544;7319830929713;Not found;-;-
545;7319830935059;Not found;-;-
546;7319830936278;Not found;-;-
547;7319830936742;Not found;-;-
548;7319833331476;Not found;-;-
549;7319833331506;Not found;-;-
550;7319833331537;Not found;-;-
551;7319833340454;Not found;-;-
552;7319833342182;Not found;-;-
553;7319833342373;Not found;-;-
554;7319833350460;Not found;-;-
555;7319833368595;Not found;-;-
556;7319833368625;Not found;-;-
557;7319833369271;Not found;-;-
558;7319833369813;Not found;-;-
559;7319833369851;Not found;-;-
560;7319833372615;Not found;-;-
561;7319833372912;Not found;-;-
562;7319833374039;Not found;-;-
563;7319833374534;Not found;-;-
564;7319833374725;Not found;-;-
565;7319833376163;Not found;-;-
566;7319833378709;Not found;-;-
567;7319833378716;Not found;-;-
568;7319833378723;Not found;-;-
569;7319833384243;Not found;-;-
570;7319833385691;Not found;-;-
571;7319833385714;Not found;-;-
572;7319833385752;Not found;-;-
573;7319833386254;Not found;-;-
574;7319834163250;Not found;-;-
575;7319834163434;Not found;-;-
576;7319834163748;Not found;-;-
577;7319834163762;Not found;-;-
578;7319834869633;Not found;-;-
579;7319835169534;Not found;-;-
580;7319835169558;Not found;-;-
581;7319838563360;Not found;-;-
582;7319838563377;Not found;-;-
583;7319895175377;Procurator AB;Last updated: 2016-10-10;(GLN: 7319890000001, GCP: 731 989)
584;7322115366226;Not found;-;-
585;7323731062486;Not found;-;-
586;7324500400003;Not found;-;-
587;7324505800600;Not found;-;-
588;7324505800808;Not found;-;-
589;7324589008466;Not found;-;-
590;7324589008848;Not found;-;-
591;7325910656516;Johan i Hallen i Göteborg AB;Last updated: 2016-05-13;(GLN: 7350002190005, GCP: 732 591)
592;7326598789459;Not found;-;-
593;7326974862486;Not found;-;-
594;7330028008256;Kronobergs läns landsting;Last updated: 2016-01-22;(GLN: 7330028000014, GCP: 733 0028)
595;7330134147139;Not found;-;-
596;7330149400007;Not found;-;-
597;7330176006548;Not found;-;-
598;7330201400006;Not found;-;-
599;7330220000003;Not found;-;-
600;7330220100000;Not found;-;-
601;7330240100004;Not found;-;-
602;7330249900001;Not found;-;-
603;7330252500007;Not found;-;-
604;7330262500004;Not found;-;-
605;7330284100008;Not found;-;-
606;7330312000003;Not found;-;-
607;7330312020001;Not found;-;-
608;7330312030000;Not found;-;-
609;7330312040009;Not found;-;-
610;7330312060007;Not found;-;-
611;7330312070006;Not found;-;-
612;7330312080005;Not found;-;-
613;7330312100000;Not found;-;-
614;7330312200007;Not found;-;-
615;7330312230004;Not found;-;-
616;7330312300004;Not found;-;-
617;7330312310003;Not found;-;-
618;7330312320002;Not found;-;-
619;7330312330001;Not found;-;-
620;7330312400001;Not found;-;-
621;7330312410000;Not found;-;-
622;7330312420009;Not found;-;-
623;7330312430008;Not found;-;-
624;7330312440007;Not found;-;-
625;7330312450006;Not found;-;-
626;7330312460005;Not found;-;-
627;7330312470004;Not found;-;-
628;7330312500008;Not found;-;-
629;7330312510007;Not found;-;-
630;7330312520006;Not found;-;-
631;7330312530005;Not found;-;-
632;7330312540004;Not found;-;-
633;7330312560002;Not found;-;-
634;7330312570001;Not found;-;-
635;7330312580000;Not found;-;-
636;7330312600005;Not found;-;-
637;7330312610004;Not found;-;-
638;7330312620003;Not found;-;-
639;7330312630002;Not found;-;-
640;7330312640001;Not found;-;-
641;7330312700002;Not found;-;-
642;7330312710001;Not found;-;-
643;7330312800009;Not found;-;-
644;7330312810008;Not found;-;-
645;7330312820007;Not found;-;-
646;7330312830006;Not found;-;-
647;7330312840005;Not found;-;-
648;7330312850004;Not found;-;-
649;7330312860003;Not found;-;-
650;7330312870002;Not found;-;-
651;7330312910005;Not found;-;-
652;7330313000002;Not found;-;-
653;7330313010001;Not found;-;-
654;7330313030009;Not found;-;-
655;7330313040008;Not found;-;-
656;7330313050007;Not found;-;-
657;7330313060006;Not found;-;-
658;7330313070005;Not found;-;-
659;7330313080004;Not found;-;-
660;7330313090003;Not found;-;-
661;7330313100009;Not found;-;-
662;7330313110008;Not found;-;-
663;7330313120007;Not found;-;-
664;7330313130006;Not found;-;-
665;7330313140005;Not found;-;-
666;7330313150004;Not found;-;-
667;7330313160003;Not found;-;-
668;7330313170002;Not found;-;-
669;7330313180001;Not found;-;-
670;7330313190000;Not found;-;-
671;7330313200006;Not found;-;-
672;7330313210005;Not found;-;-
673;7330313220004;Not found;-;-
674;7330313250001;Not found;-;-
675;7330313260000;Not found;-;-
676;7330313270009;Not found;-;-
677;7330313280008;Not found;-;-
678;7330313290007;Not found;-;-
679;7330313300003;Not found;-;-
680;7330313350008;Not found;-;-
681;7330313360007;Not found;-;-
682;7330313370006;Not found;-;-
683;7330313380005;Not found;-;-
684;7330313390004;Not found;-;-
685;7330313400000;Not found;-;-
686;7330313410009;Not found;-;-
687;7330313440006;Not found;-;-
688;7330313450005;Not found;-;-
689;7330313460004;Not found;-;-
690;7330313480002;Not found;-;-
691;7330313490001;Not found;-;-
692;7330332011409;Not found;-;-
693;7330367002403;Not found;-;-
694;7330367622670;Not found;-;-
695;7330387003237;Mössebergsbagaren AB;Last updated: 2016-09-12;(GLN: 7330387000007, GCP: 733 0387)
696;7330387004753;Mössebergsbagaren AB;Last updated: 2016-09-12;(GLN: 7330387000007, GCP: 733 0387)
697;7330387004821;Mössebergsbagaren AB;Last updated: 2016-09-12;(GLN: 7330387000007, GCP: 733 0387)
698;7330387010051;Mössebergsbagaren AB;Last updated: 2016-09-12;(GLN: 7330387000007, GCP: 733 0387)
699;7330387010402;Mössebergsbagaren AB;Last updated: 2016-09-12;(GLN: 7330387000007, GCP: 733 0387)
700;7330387010457;Mössebergsbagaren AB;Last updated: 2016-09-12;(GLN: 7330387000007, GCP: 733 0387)
701;7330387010624;Mössebergsbagaren AB;Last updated: 2016-09-12;(GLN: 7330387000007, GCP: 733 0387)
702;7330387011058;Mössebergsbagaren AB;Last updated: 2016-09-12;(GLN: 7330387000007, GCP: 733 0387)
703;7330387013045;Mössebergsbagaren AB;Last updated: 2016-09-12;(GLN: 7330387000007, GCP: 733 0387)
704;7330387013113;Mössebergsbagaren AB;Last updated: 2016-09-12;(GLN: 7330387000007, GCP: 733 0387)
705;7330387013151;Mössebergsbagaren AB;Last updated: 2016-09-12;(GLN: 7330387000007, GCP: 733 0387)
706;7330387013243;Mössebergsbagaren AB;Last updated: 2016-09-12;(GLN: 7330387000007, GCP: 733 0387)
707;7330387013311;Mössebergsbagaren AB;Last updated: 2016-09-12;(GLN: 7330387000007, GCP: 733 0387)
708;7330387013328;Mössebergsbagaren AB;Last updated: 2016-09-12;(GLN: 7330387000007, GCP: 733 0387)
709;7330387013458;Mössebergsbagaren AB;Last updated: 2016-09-12;(GLN: 7330387000007, GCP: 733 0387)
710;7330387013519;Mössebergsbagaren AB;Last updated: 2016-09-12;(GLN: 7330387000007, GCP: 733 0387)
711;7330387013854;Mössebergsbagaren AB;Last updated: 2016-09-12;(GLN: 7330387000007, GCP: 733 0387)
712;7330387013922;Mössebergsbagaren AB;Last updated: 2016-09-12;(GLN: 7330387000007, GCP: 733 0387)
713;7330387013953;Mössebergsbagaren AB;Last updated: 2016-09-12;(GLN: 7330387000007, GCP: 733 0387)
714;7330387013960;Mössebergsbagaren AB;Last updated: 2016-09-12;(GLN: 7330387000007, GCP: 733 0387)
715;7330387015513;Mössebergsbagaren AB;Last updated: 2016-09-12;(GLN: 7330387000007, GCP: 733 0387)
716;7330387016015;Mössebergsbagaren AB;Last updated: 2016-09-12;(GLN: 7330387000007, GCP: 733 0387)
717;7330387020012;Mössebergsbagaren AB;Last updated: 2016-09-12;(GLN: 7330387000007, GCP: 733 0387)
718;7330387020074;Mössebergsbagaren AB;Last updated: 2016-09-12;(GLN: 7330387000007, GCP: 733 0387)
719;7330387020463;Mössebergsbagaren AB;Last updated: 2016-09-12;(GLN: 7330387000007, GCP: 733 0387)
720;7330387020470;Mössebergsbagaren AB;Last updated: 2016-09-12;(GLN: 7330387000007, GCP: 733 0387)
721;7330387021316;Mössebergsbagaren AB;Last updated: 2016-09-12;(GLN: 7330387000007, GCP: 733 0387)
722;7330387021323;Mössebergsbagaren AB;Last updated: 2016-09-12;(GLN: 7330387000007, GCP: 733 0387)
723;7330387025109;Mössebergsbagaren AB;Last updated: 2016-09-12;(GLN: 7330387000007, GCP: 733 0387)
724;7330387025116;Mössebergsbagaren AB;Last updated: 2016-09-12;(GLN: 7330387000007, GCP: 733 0387)
725;7330387025123;Mössebergsbagaren AB;Last updated: 2016-09-12;(GLN: 7330387000007, GCP: 733 0387)
726;7330387026007;Mössebergsbagaren AB;Last updated: 2016-09-12;(GLN: 7330387000007, GCP: 733 0387)
727;7330387026021;Mössebergsbagaren AB;Last updated: 2016-09-12;(GLN: 7330387000007, GCP: 733 0387)
728;7330387026182;Mössebergsbagaren AB;Last updated: 2016-09-12;(GLN: 7330387000007, GCP: 733 0387)
729;7330387026250;Mössebergsbagaren AB;Last updated: 2016-09-12;(GLN: 7330387000007, GCP: 733 0387)
730;7330403009953;Not found;-;-
731;7330407800006;Not found;-;-
732;7330429600004;Not found;-;-
733;7330443156877;Ateljé Lyktan AB;Last updated: 2016-06-22;(GLN: 7330443000002, GCP: 733 0443)
734;7330459801594;Not found;-;-
735;7330527843501;Not found;-;-
736;7330527844508;Not found;-;-
737;7330578105757;Not found;-;-
738;7330578402139;Not found;-;-
739;7330578701003;Not found;-;-
740;7330578810002;Not found;-;-
741;7330578901007;Not found;-;-
742;7330604000063;Not found;-;-
743;7330604000070;Not found;-;-
744;7330604000094;Not found;-;-
745;7330604000100;Not found;-;-
746;7330604000148;Not found;-;-
747;7330604000162;Not found;-;-
748;7330604000179;Not found;-;-
749;7330604000254;Not found;-;-
750;7330604000353;Not found;-;-
751;7330604000360;Not found;-;-
752;7330604000452;Not found;-;-
753;7330604003200;Not found;-;-
754;7330604003217;Not found;-;-
755;7330643120265;Not found;-;-
756;7330691500002;Not found;-;-
757;7330737000015;Not found;-;-
758;7330814000228;Swecarb AB;Last updated: 2016-02-10;(GLN: 7330814000006, GCP: 733 0814)
759;7330939180454;Not found;-;-
760;7330939414122;Not found;-;-
761;7330939431624;Not found;-;-
762;7330939432386;Not found;-;-
763;7330939433970;Not found;-;-
764;7330940480000;Not found;-;-
765;7331060013093;Not found;-;-
766;7331060013390;Not found;-;-
767;7331087001028;Not found;-;-
768;7331087001059;Not found;-;-
769;7331087001127;Not found;-;-
770;7331087003114;Not found;-;-
771;7331087005118;Not found;-;-
772;7331087010013;Not found;-;-
773;7331106000049;Not found;-;-
774;7331159100222;Not found;-;-
775;7331159101212;Not found;-;-
776;7331159104589;Not found;-;-
777;7331251248624;Not found;-;-
778;7331254454558;Not found;-;-
779;7331271010034;Not found;-;-
780;7331443002706;Lommarps Lantägg aktiebolag;Last updated: 2016-09-12;(GLN: 7331443000009, GCP: 733 1443)
781;7331496000001;Not found;-;-
782;7331549250063;Not found;-;-
783;7331549251060;Not found;-;-
784;7331564598423;Not found;-;-
785;7331565000024;Not found;-;-
786;7331565000055;Not found;-;-
787;7331565001076;Not found;-;-
788;7331565001106;Not found;-;-
789;7331565001137;Not found;-;-
790;7331565001199;Not found;-;-
791;7331565001212;Not found;-;-
792;7331565001229;Not found;-;-
793;7331565001236;Not found;-;-
794;7331565001441;Not found;-;-
795;7331565001465;Not found;-;-
796;7331565001496;Not found;-;-
797;7331565001601;Not found;-;-
798;7331704031117;;Broken at gs1.se;()
799;7331704041215;;Broken at gs1.se;()
800;7331704075005;;Broken at gs1.se;()
801;7331704720455;;Broken at gs1.se;()
802;7331746170782;Bergendahl Food AB;Last updated: 2016-06-29;(GLN: 7381000009709, GCP: 733 1746)
803;7331786651210;Not found;-;-
804;7331786651456;Not found;-;-
805;7331787007191;MixWell AB;Last updated: 2016-05-14;(GLN: 7331787000000, GCP: 733 1787)
806;7331823950047;Not found;-;-
807;7331892060241;Not found;-;-
808;7331919200629;Not found;-;-
809;7331919208144;Not found;-;-
810;7331919211298;Not found;-;-
811;7331919216415;Not found;-;-
812;7331919225837;Not found;-;-
813;7331919227015;Not found;-;-
814;7331919564165;Not found;-;-
815;7331919570388;Not found;-;-
816;7331919572108;Not found;-;-
817;7331919573525;Not found;-;-
818;7331919573532;Not found;-;-
819;7331919576830;Not found;-;-
820;7331919579824;Not found;-;-
821;7331919761786;Not found;-;-
822;7331919764381;Not found;-;-
823;7331919766569;Not found;-;-
824;7331919803226;Not found;-;-
825;7331919804476;Not found;-;-
826;7331919804667;Not found;-;-
827;7331919860137;Not found;-;-
828;7331919860182;Not found;-;-
829;7331919860205;Not found;-;-
830;7331919860298;Not found;-;-
831;7331919870488;Not found;-;-
832;7331919871669;Not found;-;-
833;7331919871676;Not found;-;-
834;7331993176018;Not found;-;-
835;7331993176049;Not found;-;-
836;7331993176056;Not found;-;-
837;7331993176063;Not found;-;-
838;7331993176087;Not found;-;-
839;7331993176094;Not found;-;-
840;7331993176100;Not found;-;-
841;7332039000014;Not found;-;-
842;7332039000694;Not found;-;-
843;7332039000847;Not found;-;-
844;7332045701165;Not found;-;-
845;7332049230142;Norregårds Växa Produkter HB;Last updated: 2016-01-22;(GLN: 7332049000004, GCP: 733 2049)
846;7332057200908;Not found;-;-
847;7332057200915;Not found;-;-
848;7332057200922;Not found;-;-
849;7332057200960;Not found;-;-
850;7332057300233;Not found;-;-
851;7332072001702;Not found;-;-
852;7332085900030;Ostspecialisten i Östergötland AB;Last updated: 2016-05-14;(GLN: 7332085000006, GCP: 733 2085)
853;7332128956413;Not found;-;-
854;7332136003024;Pensia International AB;Last updated: 2016-01-22;(GLN: 7332136000009, GCP: 733 2136)
855;7332136005011;Pensia International AB;Last updated: 2016-01-22;(GLN: 7332136000009, GCP: 733 2136)
856;7332136010039;Pensia International AB;Last updated: 2016-01-22;(GLN: 7332136000009, GCP: 733 2136)
857;7332136025033;Pensia International AB;Last updated: 2016-01-22;(GLN: 7332136000009, GCP: 733 2136)
858;7332136030037;Pensia International AB;Last updated: 2016-01-22;(GLN: 7332136000009, GCP: 733 2136)
859;7332136040005;Pensia International AB;Last updated: 2016-01-22;(GLN: 7332136000009, GCP: 733 2136)
860;7332136040012;Pensia International AB;Last updated: 2016-01-22;(GLN: 7332136000009, GCP: 733 2136)
861;7332136040036;Pensia International AB;Last updated: 2016-01-22;(GLN: 7332136000009, GCP: 733 2136)
862;7332136050004;Pensia International AB;Last updated: 2016-01-22;(GLN: 7332136000009, GCP: 733 2136)
863;7332136070002;Pensia International AB;Last updated: 2016-01-22;(GLN: 7332136000009, GCP: 733 2136)
864;7332186027087;Not found;-;-
865;7332224050565;Not found;-;-
866;7332250071572;Kallskänks Gourmé i Växjö AB;Last updated: 2016-05-20;(GLN: 7332250000008, GCP: 733 2250)
867;7332250090276;Kallskänks Gourmé i Växjö AB;Last updated: 2016-05-20;(GLN: 7332250000008, GCP: 733 2250)
868;7332289000024;Not found;-;-
869;7332465049311;Not found;-;-
870;7332513106065;Not found;-;-
871;7332513152994;Not found;-;-
872;7332513153434;Not found;-;-
873;7332513172589;Not found;-;-
874;7332513262495;Not found;-;-
875;7332513280871;Not found;-;-
876;7332513301309;Not found;-;-
877;7332513306274;Not found;-;-
878;7332513306762;Not found;-;-
879;7332569854545;Not found;-;-
880;7332603000006;Not found;-;-
881;7332621008749;Not found;-;-
882;7332806000001;Not found;-;-
883;7332807000000;Infiniti Medical AB;Last updated: 2016-09-13;(GLN: 7332807000000, GCP: 733 2807)
884;7332808000009;;Broken at gs1.se;()
885;7332859000010;Not found;-;-
886;7332995324896;Not found;-;-
887;7333131905542;Not found;-;-
888;7333151905546;Not found;-;-
889;7333199500079;Not found;-;-
890;7333316624862;Not found;-;-
891;7334620000687;Not found;-;-
892;7334634000000;Not found;-;-
893;7335503000008;Not found;-;-
894;7335504000007;Not found;-;-
895;7335506000005;Not found;-;-
896;7335507000004;Not found;-;-
897;7335510000008;Not found;-;-
898;7335512000006;Not found;-;-
899;7335996185626;Not found;-;-
900;7337791290000;Not found;-;-
901;7339140000001;Not found;-;-
902;7339345000035;Not found;-;-
903;7339345000042;Not found;-;-
904;7339345000059;Not found;-;-
905;7339345000066;Not found;-;-
906;7339345000080;Not found;-;-
907;7339345001704;Not found;-;-
908;7339345001711;Not found;-;-
909;7339345001728;Not found;-;-
910;7339345001742;Not found;-;-
911;7339345001766;Not found;-;-
912;7339345001797;Not found;-;-
913;7339345001803;Not found;-;-
914;7339345001940;Not found;-;-
915;7339345001964;Not found;-;-
916;7339345003296;Not found;-;-
917;7339345005139;Not found;-;-
918;7339345006181;Not found;-;-
919;7339345006204;Not found;-;-
920;7339345008291;Not found;-;-
921;7339345010089;Not found;-;-
922;7339433600000;Not found;-;-
923;7340012500000;Gustatus AB;Last updated: 2016-06-19;(GLN: 7300009011636, GCP: 734 00125)
924;7340012500024;Gustatus AB;Last updated: 2016-06-19;(GLN: 7300009011636, GCP: 734 00125)
925;7340012500031;Gustatus AB;Last updated: 2016-06-19;(GLN: 7300009011636, GCP: 734 00125)
926;7340012500048;Gustatus AB;Last updated: 2016-06-19;(GLN: 7300009011636, GCP: 734 00125)
927;7340015719539;Interiörhuset i Väst AB;Last updated: 2016-07-26;(GLN: 7340015700001, GCP: 734 00157)
928;7340022800336;Not found;-;-
929;7340022800367;Not found;-;-
930;7340022802934;Not found;-;-
931;7340022806512;Not found;-;-
932;7340022812490;Not found;-;-
933;7340022815972;Not found;-;-
934;7340022822215;Not found;-;-
935;7340022823045;Not found;-;-
936;7340022823199;Not found;-;-
937;7340026747958;Not found;-;-
938;7340027601181;Not found;-;-
939;7340028321705;Not found;-;-
940;7340030701175;Not found;-;-
941;7340030701533;Not found;-;-
942;7340030701540;Not found;-;-
943;7340030701618;Not found;-;-
944;7340054600737;Not found;-;-
945;7340054600775;Not found;-;-
946;7340054600812;Not found;-;-
947;7340054600829;Not found;-;-
948;7340054600867;Not found;-;-
949;7340063510102;Valbo Kem AB;Last updated: 2016-09-19;(GLN: 7340063500004, GCP: 734 00635)
950;7340063510119;Valbo Kem AB;Last updated: 2016-09-19;(GLN: 7340063500004, GCP: 734 00635)
951;7340063510263;Valbo Kem AB;Last updated: 2016-09-19;(GLN: 7340063500004, GCP: 734 00635)
952;7340063510270;Valbo Kem AB;Last updated: 2016-09-19;(GLN: 7340063500004, GCP: 734 00635)
953;7340063510287;Valbo Kem AB;Last updated: 2016-09-19;(GLN: 7340063500004, GCP: 734 00635)
954;7340063510294;Valbo Kem AB;Last updated: 2016-09-19;(GLN: 7340063500004, GCP: 734 00635)
955;7340063510300;Valbo Kem AB;Last updated: 2016-09-19;(GLN: 7340063500004, GCP: 734 00635)
956;7340074004065;Grönsakshallen Sorunda AB;Last updated: 2016-05-31;(GLN: 7340074000005, GCP: 734 00740)
957;7340074004072;Grönsakshallen Sorunda AB;Last updated: 2016-05-31;(GLN: 7340074000005, GCP: 734 00740)
958;7340074004102;Grönsakshallen Sorunda AB;Last updated: 2016-05-31;(GLN: 7340074000005, GCP: 734 00740)
959;7340079020794;Not found;-;-
960;7340085900080;Not found;-;-
961;7340085900103;Not found;-;-
962;7340085900127;Not found;-;-
963;7340085900936;Not found;-;-
964;7340085901131;Not found;-;-
965;7340085901209;Not found;-;-
966;7340085901216;Not found;-;-
967;7340085901292;Not found;-;-
968;7340085991491;Not found;-;-
969;7340085991507;Not found;-;-
970;7340085991514;Not found;-;-
971;7340085991590;Not found;-;-
972;7340085991606;Not found;-;-
973;7340085995017;Not found;-;-
974;7340114700919;Not found;-;-
975;7340116301008;Design Deli AB;Last updated: 2016-08-21;(GLN: 7340116300001, GCP: 734 01163)
976;7340116301015;Design Deli AB;Last updated: 2016-08-21;(GLN: 7340116300001, GCP: 734 01163)
977;7340116301084;Design Deli AB;Last updated: 2016-08-21;(GLN: 7340116300001, GCP: 734 01163)
978;7340116301091;Design Deli AB;Last updated: 2016-08-21;(GLN: 7340116300001, GCP: 734 01163)
979;7340116301107;Design Deli AB;Last updated: 2016-08-21;(GLN: 7340116300001, GCP: 734 01163)
980;7340116301114;Design Deli AB;Last updated: 2016-08-21;(GLN: 7340116300001, GCP: 734 01163)
981;7340130007634;Not found;-;-
982;7340130007641;Not found;-;-
983;7340130007689;Not found;-;-
984;7340130007832;Not found;-;-
985;7340130007948;Not found;-;-
986;7345684445000;Not found;-;-
987;7346388017005;Not found;-;-
988;7346388021002;Not found;-;-
989;7349217502734;Not found;-;-
990;7350000900125;Danska Wienerbageriet AB;Last updated: 2016-08-26;(GLN: 7350000900002, GCP: 735 000090)
991;7350000900132;Danska Wienerbageriet AB;Last updated: 2016-08-26;(GLN: 7350000900002, GCP: 735 000090)
992;7350000900149;Danska Wienerbageriet AB;Last updated: 2016-08-26;(GLN: 7350000900002, GCP: 735 000090)
993;7350000900156;Danska Wienerbageriet AB;Last updated: 2016-08-26;(GLN: 7350000900002, GCP: 735 000090)
994;7350000900163;Danska Wienerbageriet AB;Last updated: 2016-08-26;(GLN: 7350000900002, GCP: 735 000090)
995;7350000900170;Danska Wienerbageriet AB;Last updated: 2016-08-26;(GLN: 7350000900002, GCP: 735 000090)
996;7350000900187;Danska Wienerbageriet AB;Last updated: 2016-08-26;(GLN: 7350000900002, GCP: 735 000090)
997;7350000900194;Danska Wienerbageriet AB;Last updated: 2016-08-26;(GLN: 7350000900002, GCP: 735 000090)
998;7350000900200;Danska Wienerbageriet AB;Last updated: 2016-08-26;(GLN: 7350000900002, GCP: 735 000090)
999;7350000900217;Danska Wienerbageriet AB;Last updated: 2016-08-26;(GLN: 7350000900002, GCP: 735 000090)
1000;7350000900224;Danska Wienerbageriet AB;Last updated: 2016-08-26;(GLN: 7350000900002, GCP: 735 000090)
1001;7350000900231;Danska Wienerbageriet AB;Last updated: 2016-08-26;(GLN: 7350000900002, GCP: 735 000090)
1002;7350000900248;Danska Wienerbageriet AB;Last updated: 2016-08-26;(GLN: 7350000900002, GCP: 735 000090)
1003;7350000900255;Danska Wienerbageriet AB;Last updated: 2016-08-26;(GLN: 7350000900002, GCP: 735 000090)
1004;7350000900262;Danska Wienerbageriet AB;Last updated: 2016-08-26;(GLN: 7350000900002, GCP: 735 000090)
1005;7350000900279;Danska Wienerbageriet AB;Last updated: 2016-08-26;(GLN: 7350000900002, GCP: 735 000090)
1006;7350000900286;Danska Wienerbageriet AB;Last updated: 2016-08-26;(GLN: 7350000900002, GCP: 735 000090)
1007;7350000900309;Danska Wienerbageriet AB;Last updated: 2016-08-26;(GLN: 7350000900002, GCP: 735 000090)
1008;7350000900316;Danska Wienerbageriet AB;Last updated: 2016-08-26;(GLN: 7350000900002, GCP: 735 000090)
1009;7350001300016;Not found;-;-
1010;7350001300924;Not found;-;-
1011;7350001610016;Spishyllan AB;Last updated: 2016-05-03;(GLN: 7350001610009, GCP: 735 000161)
1012;7350002090015;;Broken at gs1.se;()
1013;7350002090053;;Broken at gs1.se;()
1014;7350002090077;;Broken at gs1.se;()
1015;7350002090138;;Broken at gs1.se;()
1016;7350002090190;;Broken at gs1.se;()
1017;7350002090268;;Broken at gs1.se;()
1018;7350002090435;;Broken at gs1.se;()
1019;7350002090503;;Broken at gs1.se;()
1020;7350002090589;;Broken at gs1.se;()
1021;7350002090596;;Broken at gs1.se;()
1022;7350002090602;;Broken at gs1.se;()
1023;7350002090701;;Broken at gs1.se;()
1024;7350002091418;;Broken at gs1.se;()
1025;7350002092606;;Broken at gs1.se;()
1026;7350002094303;;Broken at gs1.se;()
1027;7350002097793;;Broken at gs1.se;()
1028;7350002536667;Not found;-;-
1029;7350004583515;Pharmachim AB;Last updated: 2016-05-18;(GLN: 7350004580002, GCP: 735 000458)
1030;7350004978113;;Broken at gs1.se;()
1031;7350006434570;Pungpinan Bros. HB;Last updated: 2016-10-17;(GLN: 7350006430008, GCP: 735 000643)
1032;7350006456787;Silkebolaget i Borås AB;Last updated: 2016-10-19;(GLN: 7350006450006, GCP: 735 000645)
1033;7350007341112;Not found;-;-
1034;7350007411006;Not found;-;-
1035;7350007411105;Not found;-;-
1036;7350009470773;Not found;-;-
1037;7350011627363;Not found;-;-
1038;7350012068950;;Broken at gs1.se;()
1039;7350012069056;;Broken at gs1.se;()
1040;7350012110505;Not found;-;-
1041;7350012115012;Not found;-;-
1042;7350012115029;Not found;-;-
1043;7350012115036;Not found;-;-
1044;7350012115043;Not found;-;-
1045;7350012115050;Not found;-;-
1046;7350012116217;Not found;-;-
1047;7350012116231;Not found;-;-
1048;7350012116248;Not found;-;-
1049;7350012116415;Not found;-;-
1050;7350012116422;Not found;-;-
1051;7350012116439;Not found;-;-
1052;7350012116507;Not found;-;-
1053;7350012116514;Not found;-;-
1054;7350012118006;Not found;-;-
1055;7350012118013;Not found;-;-
1056;7350012118105;Not found;-;-
1057;7350013271076;Not found;-;-
1058;7350013283017;Not found;-;-
1059;7350013283024;Not found;-;-
1060;7350013283031;Not found;-;-
1061;7350013287091;Not found;-;-
1062;7350013289019;Not found;-;-
1063;7350013289026;Not found;-;-
1064;7350013289033;Not found;-;-
1065;7350013571244;Not found;-;-
1066;7350013571251;Not found;-;-
1067;7350014859648;Not found;-;-
1068;7350014860750;Not found;-;-
1069;7350014888884;;Broken at gs1.se;()
1070;7350015507050;Fiedler & Lundgren AB;Last updated: 2016-06-15;(GLN: 7350015500006, GCP: 735 001550)
1071;7350015507098;Fiedler & Lundgren AB;Last updated: 2016-06-15;(GLN: 7350015500006, GCP: 735 001550)
1072;7350015507159;Fiedler & Lundgren AB;Last updated: 2016-06-15;(GLN: 7350015500006, GCP: 735 001550)
1073;7350015507166;Fiedler & Lundgren AB;Last updated: 2016-06-15;(GLN: 7350015500006, GCP: 735 001550)
1074;7350016260060;Not found;-;-
1075;7350016260121;Not found;-;-
1076;7350016260145;Not found;-;-
1077;7350016260152;Not found;-;-
1078;7350016260176;Not found;-;-
1079;7350016260336;Not found;-;-
1080;7350016260411;Not found;-;-
1081;7350016260428;Not found;-;-
1082;7350016261524;Not found;-;-
1083;7350016261616;Not found;-;-
1084;7350016261630;Not found;-;-
1085;7350016261654;Not found;-;-
1086;7350016261715;Not found;-;-
1087;7350016262040;Not found;-;-
1088;7350016262057;Not found;-;-
1089;7350016262064;Not found;-;-
1090;7350016265324;Not found;-;-
1091;7350016265331;Not found;-;-
1092;7350016265409;Not found;-;-
1093;7350016266024;Not found;-;-
1094;7350016266031;Not found;-;-
1095;7350016267090;Not found;-;-
1096;7350016267144;Not found;-;-
1097;7350016267151;Not found;-;-
1098;7350016267212;Not found;-;-
1099;7350016890014;Not found;-;-
1100;7350017870022;Not found;-;-
1101;7350018030241;Not found;-;-
1102;7350018039008;Not found;-;-
1103;7350018263304;Not found;-;-
1104;7350018460130;Not found;-;-
1105;7350018537900;Not found;-;-
1106;7350018596211;Not found;-;-
1107;7350018596747;Not found;-;-
1108;7350018810331;Saba Blommor AB;Last updated: 2016-07-21;(GLN: 7391628000002, GCP: 735 001881)
1109;7350018852133;Not found;-;-
1110;7350018900384;Not found;-;-
1111;7350019000519;;Broken at gs1.se;()
1112;7350019712962;Not found;-;-
1113;7350019716298;Not found;-;-
1114;7350019716328;Not found;-;-
1115;7350021250032;;Broken at gs1.se;()
1116;7350021500496;Not found;-;-
1117;7350022130227;North & South Fair Trade AB;Last updated: 2016-03-25;(GLN: 7350022130005, GCP: 735 002213)
1118;7350022924154;Not found;-;-
1119;7350022927070;Not found;-;-
1120;7350023221122;Not found;-;-
1121;7350023225212;Not found;-;-
1122;7350023971058;Eva Olsson;Last updated: 2015-11-24;(GLN: 7350023970006, GCP: 735 002397)
1123;7350023971393;Eva Olsson;Last updated: 2015-11-24;(GLN: 7350023970006, GCP: 735 002397)
1124;7350023975018;Eva Olsson;Last updated: 2015-11-24;(GLN: 7350023970006, GCP: 735 002397)
1125;7350023975070;Eva Olsson;Last updated: 2015-11-24;(GLN: 7350023970006, GCP: 735 002397)
1126;7350024166347;Not found;-;-
1127;7350024168310;Not found;-;-
1128;7350024168327;Not found;-;-
1129;7350024168334;Not found;-;-
1130;7350024170856;Not found;-;-
1131;7350026207529;Not found;-;-
1132;7350026410059;Not found;-;-
1133;7350026410288;Not found;-;-
1134;7350026411285;Not found;-;-
1135;7350026413272;Not found;-;-
1136;7350026414521;Not found;-;-
1137;7350026414538;Not found;-;-
1138;7350026414675;Not found;-;-
1139;7350026415061;Not found;-;-
1140;7350026415115;Not found;-;-
1141;7350026415900;Not found;-;-
1142;7350026415931;Not found;-;-
1143;7350026440025;Not found;-;-
1144;7350026499009;Not found;-;-
1145;7350026550052;Not found;-;-
1146;7350026550731;Not found;-;-
1147;7350027000150;Not found;-;-
1148;7350028060016;Not found;-;-
1149;7350029700089;Not found;-;-
1150;7350029709617;Not found;-;-
1151;7350030385374;Not found;-;-
1152;7350030860017;Not found;-;-
1153;7350030860031;Not found;-;-
1154;7350030860062;Not found;-;-
1155;7350030860079;Not found;-;-
1156;7350030860130;Not found;-;-
1157;7350030860178;Not found;-;-
1158;7350030860185;Not found;-;-
1159;7350030860222;Not found;-;-
1160;7350030860291;Not found;-;-
1161;7350030860307;Not found;-;-
1162;7350030860314;Not found;-;-
1163;7350030860338;Not found;-;-
1164;7350030860604;Not found;-;-
1165;7350030860611;Not found;-;-
1166;7350030864046;Not found;-;-
1167;7350030865012;Not found;-;-
1168;7350030865104;Not found;-;-
1169;7350030866118;Not found;-;-
1170;7350030866187;Not found;-;-
1171;7350030866200;Not found;-;-
1172;7350030866217;Not found;-;-
1173;7350030866231;Not found;-;-
1174;7350030866255;Not found;-;-
1175;7350030866262;Not found;-;-
1176;7350030866279;Not found;-;-
1177;7350030866330;Not found;-;-
1178;7350030866347;Not found;-;-
1179;7350030866415;Not found;-;-
1180;7350030866422;Not found;-;-
1181;7350030866460;Not found;-;-
1182;7350030866545;Not found;-;-
1183;7350030866552;Not found;-;-
1184;7350030866569;Not found;-;-
1185;7350030866576;Not found;-;-
1186;7350030866583;Not found;-;-
1187;7350030866590;Not found;-;-
1188;7350030866606;Not found;-;-
1189;7350030866613;Not found;-;-
1190;7350030866620;Not found;-;-
1191;7350030866644;Not found;-;-
1192;7350030866651;Not found;-;-
1193;7350030866682;Not found;-;-
1194;7350030866699;Not found;-;-
1195;7350030866705;Not found;-;-
1196;7350030866712;Not found;-;-
1197;7350030866729;Not found;-;-
1198;7350030866736;Not found;-;-
1199;7350030866743;Not found;-;-
1200;7350030866750;Not found;-;-
1201;7350030866767;Not found;-;-
1202;7350030866781;Not found;-;-
1203;7350030866804;Not found;-;-
1204;7350030869706;Not found;-;-
1205;7350030869713;Not found;-;-
1206;7350030869720;Not found;-;-
1207;7350030869966;Not found;-;-
1208;7350030920100;Not found;-;-
1209;7350030920117;Not found;-;-
1210;7350030920988;Not found;-;-
1211;7350031188103;Not found;-;-
1212;7350031730500;Not found;-;-
1213;7350031730531;Not found;-;-
1214;7350031730555;Not found;-;-
1215;7350032580012;Not found;-;-
1216;7350032580074;Not found;-;-
1217;7350033466162;Conny Möller;Last updated: 2016-05-16;(GLN: 7350033460009, GCP: 735 003346)
1218;7350034502432;Not found;-;-
1219;7350034651062;Not found;-;-
1220;7350034653844;Not found;-;-
1221;7350034653943;Not found;-;-
1222;7350035170104;Not found;-;-
1223;7350036424114;Not found;-;-
1224;7350036600044;Not found;-;-
1225;7350036760281;Not found;-;-
1226;7350036760373;Not found;-;-
1227;7350037640032;NPB Natur Produkter Björk AB;Last updated: 2016-09-19;(GLN: 7350037640001, GCP: 735 003764)
1228;7350037840425;Gajane Gross KB;Last updated: 2016-05-12;(GLN: 7350037840005, GCP: 735 003784)
1229;7350040440025;Not found;-;-
1230;7350040440049;Not found;-;-
1231;7350040440056;Not found;-;-
1232;7350040440193;Not found;-;-
1233;7350040440308;Not found;-;-
1234;7350040440315;Not found;-;-
1235;7350040440322;Not found;-;-
1236;7350040440346;Not found;-;-
1237;7350040440438;Not found;-;-
1238;7350040440445;Not found;-;-
1239;7350040440452;Not found;-;-
1240;7350040440469;Not found;-;-
1241;7350040440476;Not found;-;-
1242;7350040440483;Not found;-;-
1243;7350040440490;Not found;-;-
1244;7350040440506;Not found;-;-
1245;7350040440513;Not found;-;-
1246;7350040440520;Not found;-;-
1247;7350040440858;Not found;-;-
1248;7350040440865;Not found;-;-
1249;7350040440902;Not found;-;-
1250;7350040440919;Not found;-;-
1251;7350040440926;Not found;-;-
1252;7350040440933;Not found;-;-
1253;7350040440964;Not found;-;-
1254;7350040440988;Not found;-;-
1255;7350040441008;Not found;-;-
1256;7350040441015;Not found;-;-
1257;7350040441022;Not found;-;-
1258;7350040441039;Not found;-;-
1259;7350040441046;Not found;-;-
1260;7350040441053;Not found;-;-
1261;7350040441060;Not found;-;-
1262;7350040441084;Not found;-;-
1263;7350040441091;Not found;-;-
1264;7350040441114;Not found;-;-
1265;7350040441121;Not found;-;-
1266;7350040441138;Not found;-;-
1267;7350040441169;Not found;-;-
1268;7350040441213;Not found;-;-
1269;7350040446218;Not found;-;-
1270;7350040446225;Not found;-;-
1271;7350040446232;Not found;-;-
1272;7350040446560;Not found;-;-
1273;7350040751596;Not found;-;-
1274;7350040753019;Not found;-;-
1275;7350040802021;Not found;-;-
1276;7350040803028;Not found;-;-
1277;7350040803059;Not found;-;-
1278;7350040803080;Not found;-;-
1279;7350040882016;Not found;-;-
1280;7350040882115;Not found;-;-
1281;7350040883013;Not found;-;-
1282;7350040883037;Not found;-;-
1283;7350040883075;Not found;-;-
1284;7350040883204;Not found;-;-
1285;7350040885109;Not found;-;-
1286;7350040888513;Not found;-;-
1287;7350040888520;Not found;-;-
1288;7350040889138;Not found;-;-
1289;7350040889145;Not found;-;-
1290;7350040889176;Not found;-;-
1291;7350040950012;Not found;-;-
1292;7350040950029;Not found;-;-
1293;7350040950173;Not found;-;-
1294;7350040950234;Not found;-;-
1295;7350040950302;Not found;-;-
1296;7350040950326;Not found;-;-
1297;7350040950340;Not found;-;-
1298;7350040950364;Not found;-;-
1299;7350042730032;Cancerfonden - Riksföreningen Mot Cancer;Last updated: 2015-11-24;(GLN: 7350042730001, GCP: 735 004273)
1300;7350042740116;Christer Fransson;Last updated: 2015-11-24;(GLN: 7350042740000, GCP: 735 004274)
1301;7350042823529;Not found;-;-
1302;7350042825004;Not found;-;-
1303;7350043215705;Not found;-;-
1304;7350043650636;Not found;-;-
1305;7350043850333;Not found;-;-
1306;7350043850944;Not found;-;-
1307;7350043850951;Not found;-;-
1308;7350043850975;Not found;-;-
1309;7350043851057;Not found;-;-
1310;7350043851088;Not found;-;-
1311;7350043851125;Not found;-;-
1312;7350043851545;Not found;-;-
1313;7350043851941;Not found;-;-
1314;7350043852283;Not found;-;-
1315;7350043852436;Not found;-;-
1316;7350043852443;Not found;-;-
1317;7350043852481;Not found;-;-
1318;7350043854355;Not found;-;-
1319;7350043920111;Not found;-;-
1320;7350043984991;Not found;-;-
1321;7350044313110;Not found;-;-
1322;7350044313318;Not found;-;-
1323;7350044541230;Not found;-;-
1324;7350044553011;Benny Kajsson;Last updated: 2016-08-05;(GLN: 7350044550003, GCP: 735 004455)
1325;7350044553028;Benny Kajsson;Last updated: 2016-08-05;(GLN: 7350044550003, GCP: 735 004455)
1326;7350044553035;Benny Kajsson;Last updated: 2016-08-05;(GLN: 7350044550003, GCP: 735 004455)
1327;7350044555015;Benny Kajsson;Last updated: 2016-08-05;(GLN: 7350044550003, GCP: 735 004455)
1328;7350044555022;Benny Kajsson;Last updated: 2016-08-05;(GLN: 7350044550003, GCP: 735 004455)
1329;7350044555039;Benny Kajsson;Last updated: 2016-08-05;(GLN: 7350044550003, GCP: 735 004455)
1330;7350044555510;Benny Kajsson;Last updated: 2016-08-05;(GLN: 7350044550003, GCP: 735 004455)
1331;7350044555527;Benny Kajsson;Last updated: 2016-08-05;(GLN: 7350044550003, GCP: 735 004455)
1332;7350044555534;Benny Kajsson;Last updated: 2016-08-05;(GLN: 7350044550003, GCP: 735 004455)
1333;7350046095106;INASPOTATIS KB;Last updated: 2015-11-23;(GLN: 7350046090002, GCP: 735 004609)
1334;7350046095168;INASPOTATIS KB;Last updated: 2015-11-23;(GLN: 7350046090002, GCP: 735 004609)
1335;7350046100213;Smålandskräftan AB;Last updated: 2016-07-21;(GLN: 7300009006878, GCP: 735 004610)
1336;7350046100220;Smålandskräftan AB;Last updated: 2016-07-21;(GLN: 7300009006878, GCP: 735 004610)
1337;7350046100954;Smålandskräftan AB;Last updated: 2016-07-21;(GLN: 7300009006878, GCP: 735 004610)
1338;7350046101104;Smålandskräftan AB;Last updated: 2016-07-21;(GLN: 7300009006878, GCP: 735 004610)
1339;7350047040013;;Broken at gs1.se;()
1340;7350047040051;;Broken at gs1.se;()
1341;7350047040075;;Broken at gs1.se;()
1342;7350047040099;;Broken at gs1.se;()
1343;7350047040105;;Broken at gs1.se;()
1344;7350047045018;;Broken at gs1.se;()
1345;7350047045032;;Broken at gs1.se;()
1346;7350047045094;;Broken at gs1.se;()
1347;7350047045230;;Broken at gs1.se;()
1348;7350047045407;;Broken at gs1.se;()
1349;7350047049276;;Broken at gs1.se;()
1350;7350047060059;Not found;-;-
1351;7350047060097;Not found;-;-
1352;7350047060103;Not found;-;-
1353;7350047060400;Not found;-;-
1354;7350047065092;Not found;-;-
1355;7350047065238;Not found;-;-
1356;7350047090100;Not found;-;-
1357;7350047090230;Not found;-;-
1358;7350047099103;Not found;-;-
1359;7350047099271;Not found;-;-
1360;7350047119108;Not found;-;-
1361;7350047150095;Not found;-;-
1362;7350047150101;Not found;-;-
1363;7350047160230;Not found;-;-
1364;7350047169103;Not found;-;-
1365;7350047200073;Not found;-;-
1366;7350048670004;Not found;-;-
1367;7350048670011;Not found;-;-
1368;7350048670042;Not found;-;-
1369;7350048670097;Not found;-;-
1370;7350048670103;Not found;-;-
1371;7350048670110;Not found;-;-
1372;7350048670127;Not found;-;-
1373;7350048670158;Not found;-;-
1374;7350048670165;Not found;-;-
1375;7350048670738;Not found;-;-
1376;7350049440231;Not found;-;-
1377;7350049801827;Not found;-;-
1378;7350050150006;Not found;-;-
1379;7350050900014;Svenska Bönchips AB;Last updated: 2016-02-19;(GLN: 7350050900007, GCP: 735 005090)
1380;7350050900021;Svenska Bönchips AB;Last updated: 2016-02-19;(GLN: 7350050900007, GCP: 735 005090)
1381;7350050900038;Svenska Bönchips AB;Last updated: 2016-02-19;(GLN: 7350050900007, GCP: 735 005090)
1382;7350050900045;Svenska Bönchips AB;Last updated: 2016-02-19;(GLN: 7350050900007, GCP: 735 005090)
1383;7350050910013;Wadstens Kött & Chark AB;Last updated: 2016-08-25;(GLN: 7350050910006, GCP: 735 005091)
1384;7350050910037;Wadstens Kött & Chark AB;Last updated: 2016-08-25;(GLN: 7350050910006, GCP: 735 005091)
1385;7350050910082;Wadstens Kött & Chark AB;Last updated: 2016-08-25;(GLN: 7350050910006, GCP: 735 005091)
1386;7350050910112;Wadstens Kött & Chark AB;Last updated: 2016-08-25;(GLN: 7350050910006, GCP: 735 005091)
1387;7350050910150;Wadstens Kött & Chark AB;Last updated: 2016-08-25;(GLN: 7350050910006, GCP: 735 005091)
1388;7350050910174;Wadstens Kött & Chark AB;Last updated: 2016-08-25;(GLN: 7350050910006, GCP: 735 005091)
1389;7350050910273;Wadstens Kött & Chark AB;Last updated: 2016-08-25;(GLN: 7350050910006, GCP: 735 005091)
1390;7350050910310;Wadstens Kött & Chark AB;Last updated: 2016-08-25;(GLN: 7350050910006, GCP: 735 005091)
1391;7350050910341;Wadstens Kött & Chark AB;Last updated: 2016-08-25;(GLN: 7350050910006, GCP: 735 005091)
1392;7350050910365;Wadstens Kött & Chark AB;Last updated: 2016-08-25;(GLN: 7350050910006, GCP: 735 005091)
1393;7350050910372;Wadstens Kött & Chark AB;Last updated: 2016-08-25;(GLN: 7350050910006, GCP: 735 005091)
1394;7350050972400;Revendito AB;Last updated: 2016-07-26;(GLN: 7350050970000, GCP: 735 005097)
1395;7350050972424;Revendito AB;Last updated: 2016-07-26;(GLN: 7350050970000, GCP: 735 005097)
1396;7350054103619;;Broken at gs1.se;()
1397;7350054103626;;Broken at gs1.se;()
1398;7350054103640;;Broken at gs1.se;()
1399;7350054103657;;Broken at gs1.se;()
1400;7350054103664;;Broken at gs1.se;()
1401;7350054103800;;Broken at gs1.se;()
1402;7350054103817;;Broken at gs1.se;()
1403;7350054103824;;Broken at gs1.se;()
1404;7350054103831;;Broken at gs1.se;()
1405;7350054103848;;Broken at gs1.se;()
1406;7350054105019;;Broken at gs1.se;()
1407;7350054105026;;Broken at gs1.se;()
1408;7350054105033;;Broken at gs1.se;()
1409;7350054105040;;Broken at gs1.se;()
1410;7350054105057;;Broken at gs1.se;()
1411;7350054105064;;Broken at gs1.se;()
1412;7350054105071;;Broken at gs1.se;()
1413;7350054105088;;Broken at gs1.se;()
1414;7350054105095;;Broken at gs1.se;()
1415;7350054105101;;Broken at gs1.se;()
1416;7350054105118;;Broken at gs1.se;()
1417;7350054105125;;Broken at gs1.se;()
1418;7350054105132;;Broken at gs1.se;()
1419;7350054105149;;Broken at gs1.se;()
1420;7350054105163;;Broken at gs1.se;()
1421;7350054105170;;Broken at gs1.se;()
1422;7350054105187;;Broken at gs1.se;()
1423;7350054105194;;Broken at gs1.se;()
1424;7350054105217;;Broken at gs1.se;()
1425;7350054105224;;Broken at gs1.se;()
1426;7350054105231;;Broken at gs1.se;()
1427;7350054105248;;Broken at gs1.se;()
1428;7350054105286;;Broken at gs1.se;()
1429;7350054105293;;Broken at gs1.se;()
1430;7350054105309;;Broken at gs1.se;()
1431;7350054105316;;Broken at gs1.se;()
1432;7350054105323;;Broken at gs1.se;()
1433;7350054105378;;Broken at gs1.se;()
1434;7350054105385;;Broken at gs1.se;()
1435;7350054105392;;Broken at gs1.se;()
1436;7350054105422;;Broken at gs1.se;()
1437;7350054105439;;Broken at gs1.se;()
1438;7350054105446;;Broken at gs1.se;()
1439;7350054105453;;Broken at gs1.se;()
1440;7350054105460;;Broken at gs1.se;()
1441;7350054105477;;Broken at gs1.se;()
1442;7350054106009;;Broken at gs1.se;()
1443;7350054106023;;Broken at gs1.se;()
1444;7350054106030;;Broken at gs1.se;()
1445;7350054106054;;Broken at gs1.se;()
1446;7350054106078;;Broken at gs1.se;()
1447;7350054106085;;Broken at gs1.se;()
1448;7350054106092;;Broken at gs1.se;()
1449;7350054106108;;Broken at gs1.se;()
1450;7350054106115;;Broken at gs1.se;()
1451;7350054106122;;Broken at gs1.se;()
1452;7350054106139;;Broken at gs1.se;()
1453;7350054106214;;Broken at gs1.se;()
1454;7350054106221;;Broken at gs1.se;()
1455;7350054107204;;Broken at gs1.se;()
1456;7350054107242;;Broken at gs1.se;()
1457;7350054107266;;Broken at gs1.se;()
1458;7350054107273;;Broken at gs1.se;()
1459;7350054107280;;Broken at gs1.se;()
1460;7350054107990;;Broken at gs1.se;()
1461;7350054108010;;Broken at gs1.se;()
1462;7350054108034;;Broken at gs1.se;()
1463;7350054108041;;Broken at gs1.se;()
1464;7350054108058;;Broken at gs1.se;()
1465;7350054108089;;Broken at gs1.se;()
1466;7350054108096;;Broken at gs1.se;()
1467;7350054108102;;Broken at gs1.se;()
1468;7350054108126;;Broken at gs1.se;()
1469;7350054108133;;Broken at gs1.se;()
1470;7350054108140;;Broken at gs1.se;()
1471;7350054108157;;Broken at gs1.se;()
1472;7350054108164;;Broken at gs1.se;()
1473;7350054108171;;Broken at gs1.se;()
1474;7350054108195;;Broken at gs1.se;()
1475;7350054108249;;Broken at gs1.se;()
1476;7350054108256;;Broken at gs1.se;()
1477;7350054108799;;Broken at gs1.se;()
1478;7350054108812;;Broken at gs1.se;()
1479;7350054108829;;Broken at gs1.se;()
1480;7350054108980;;Broken at gs1.se;()
1481;7350054109062;;Broken at gs1.se;()
1482;7350056301006;Lilla Kafferosteriet Produktioner AB;Last updated: 2015-12-09;(GLN: 7350056300009, GCP: 735 005630)
1483;7350056302003;Lilla Kafferosteriet Produktioner AB;Last updated: 2015-12-09;(GLN: 7350056300009, GCP: 735 005630)
1484;7350056303000;Lilla Kafferosteriet Produktioner AB;Last updated: 2015-12-09;(GLN: 7350056300009, GCP: 735 005630)
1485;7350056650012;Lilla Fågelfröfabriken från Hisingen HB;Last updated: 2015-11-23;(GLN: 7350056650005, GCP: 735 005665)
1486;7350057110010;Not found;-;-
1487;7350057920503;Macarong AB;Last updated: 2016-09-12;(GLN: 7350057920008, GCP: 735 005792)
1488;7350057920510;Macarong AB;Last updated: 2016-09-12;(GLN: 7350057920008, GCP: 735 005792)
1489;7350058540021;Not found;-;-
1490;7350058540991;Not found;-;-
1491;7350059830015;Not found;-;-
1492;7350060700826;People´s Kitchen Concept AB;Last updated: 2016-06-28;(GLN: 7350060700000, GCP: 735 006070)
1493;7350060700833;People´s Kitchen Concept AB;Last updated: 2016-06-28;(GLN: 7350060700000, GCP: 735 006070)
1494;7350060701083;People´s Kitchen Concept AB;Last updated: 2016-06-28;(GLN: 7350060700000, GCP: 735 006070)
1495;7350060701090;People´s Kitchen Concept AB;Last updated: 2016-06-28;(GLN: 7350060700000, GCP: 735 006070)
1496;7350061081016;Ankarsrum Kitchen AB;Last updated: 2016-09-03;(GLN: 7350061080002, GCP: 735 006108)
1497;7350061550017;Not found;-;-
1498;7350062400946;Not found;-;-
1499;7350063824444;Not found;-;-
1500;7350063825557;Not found;-;-
1501;7350063826660;Not found;-;-
1502;7350063860152;Mattias Sjöbäck;Last updated: 2016-09-12;(GLN: 7350063860008, GCP: 735 006386)
1503;7350063860169;Mattias Sjöbäck;Last updated: 2016-09-12;(GLN: 7350063860008, GCP: 735 006386)
1504;7350063860176;Mattias Sjöbäck;Last updated: 2016-09-12;(GLN: 7350063860008, GCP: 735 006386)
1505;7350063970011;Not found;-;-
1506;7350063970028;Not found;-;-
1507;7350063970042;Not found;-;-
1508;7350063970073;Not found;-;-
1509;7350063970127;Not found;-;-
1510;7350065133322;Not found;-;-
1511;7350065312024;Anna Hägerstedt;Last updated: 2015-11-23;(GLN: 7350065310006, GCP: 735 006531)
1512;7350066410583;CIFAB Continenthandel i Floda AB;Last updated: 2016-06-10;(GLN: 7300009015351, GCP: 735 006641)
1513;7350068010460;Caciocavallo AB;Last updated: 2016-07-06;(GLN: 7350068010002, GCP: 735 006801)
1514;7350068260018;Smörgåshörnan i Malmö AB;Last updated: 2016-09-12;(GLN: 7350068260001, GCP: 735 006826)
1515;7350070731360;Not found;-;-
1516;7350070740324;Bröd & Salt Bageri AB;Last updated: 2016-10-17;(GLN: 7350070740003, GCP: 735 007074)
1517;7350071080542;Not found;-;-
1518;7350072540014;Johan Larsson;Last updated: 2015-11-23;(GLN: 7350072540007, GCP: 735 007254)
1519;7350072540069;Johan Larsson;Last updated: 2015-11-23;(GLN: 7350072540007, GCP: 735 007254)
1520;7350074200053;Not found;-;-
1521;7350074200060;Not found;-;-
1522;7350074200077;Not found;-;-
1523;7350074910044;Ingemansgårdens Lantbruks AB;Last updated: 2016-09-12;(GLN: 7350074910006, GCP: 735 007491)
1524;7350075100017;Christer Jonasson;Last updated: 2016-09-12;(GLN: 7350075100000, GCP: 735 007510)
1525;7350075100024;Christer Jonasson;Last updated: 2016-09-12;(GLN: 7350075100000, GCP: 735 007510)
1526;7350075100031;Christer Jonasson;Last updated: 2016-09-12;(GLN: 7350075100000, GCP: 735 007510)
1527;7350075100055;Christer Jonasson;Last updated: 2016-09-12;(GLN: 7350075100000, GCP: 735 007510)
1528;7350075100062;Christer Jonasson;Last updated: 2016-09-12;(GLN: 7350075100000, GCP: 735 007510)
1529;7350075150128;Not found;-;-
1530;7350075150142;Not found;-;-
1531;7350075151200;Not found;-;-
1532;7350075151255;Not found;-;-
1533;7350075151286;Not found;-;-
1534;7350075151293;Not found;-;-
1535;7350075151316;Not found;-;-
1536;7350075151644;Not found;-;-
1537;7350075151699;Not found;-;-
1538;7350075151781;Not found;-;-
1539;7350075151798;Not found;-;-
1540;7350075151811;Not found;-;-
1541;7350075152290;Not found;-;-
1542;7350075152313;Not found;-;-
1543;7350075153969;Not found;-;-
1544;7350075154218;Not found;-;-
1545;7350075154591;Not found;-;-
1546;7350075154607;Not found;-;-
1547;7350075156014;Not found;-;-
1548;7350075157219;Not found;-;-
1549;7350075158834;Not found;-;-
1550;7350075158971;Not found;-;-
1551;7350075159480;Not found;-;-
1552;7350075190025;Not found;-;-
1553;7350075190032;Not found;-;-
1554;7350075190292;Not found;-;-
1555;7350075190308;Not found;-;-
1556;7350075191190;Not found;-;-
1557;7350075191282;Not found;-;-
1558;7350075191312;Not found;-;-
1559;7350075191329;Not found;-;-
1560;7350075191466;Not found;-;-
1561;7350075191473;Not found;-;-
1562;7350075192173;Not found;-;-
1563;7350075192821;Not found;-;-
1564;7350075192920;Not found;-;-
1565;7350075192951;Not found;-;-
1566;7350075192982;Not found;-;-
1567;7350075193156;Not found;-;-
1568;7350075193170;Not found;-;-
1569;7350075193224;Not found;-;-
1570;7350075193385;Not found;-;-
1571;7350075193507;Not found;-;-
1572;7350075194788;Not found;-;-
1573;7350075195266;Not found;-;-
1574;7350075196669;Not found;-;-
1575;7350075196782;Not found;-;-
1576;7350075196799;Not found;-;-
1577;7350075196829;Not found;-;-
1578;7350075196836;Not found;-;-
1579;7350075196911;Not found;-;-
1580;7350075197215;Not found;-;-
1581;7350075197260;Not found;-;-
1582;7350075198120;Not found;-;-
1583;7350075198137;Not found;-;-
1584;7350075198144;Not found;-;-
1585;7350075199738;Not found;-;-
1586;7350075199745;Not found;-;-
1587;7350075199769;Not found;-;-
1588;7350075199790;Not found;-;-
1589;7350075199806;Not found;-;-
1590;7350075670015;Not found;-;-
1591;7350075990021;Not found;-;-
1592;7350075990038;Not found;-;-
1593;7350075990045;Not found;-;-
1594;7350075990076;Not found;-;-
1595;7350075990212;Not found;-;-
1596;7350075990229;Not found;-;-
1597;7350075990236;Not found;-;-
1598;7350076980052;Peter Brennwald;Last updated: 2016-09-12;(GLN: 7350076980007, GCP: 735 007698)
1599;7350078670029;Not found;-;-
1600;7350080350940;I AMhh interior AB;Last updated: 2016-08-08;(GLN: 7350080350001, GCP: 735 008035)
1601;7350080351374;I AMhh interior AB;Last updated: 2016-08-08;(GLN: 7350080350001, GCP: 735 008035)
1602;7350080352166;I AMhh interior AB;Last updated: 2016-08-08;(GLN: 7350080350001, GCP: 735 008035)
1603;7350080352258;I AMhh interior AB;Last updated: 2016-08-08;(GLN: 7350080350001, GCP: 735 008035)
1604;7350080352319;I AMhh interior AB;Last updated: 2016-08-08;(GLN: 7350080350001, GCP: 735 008035)
1605;7350080352661;I AMhh interior AB;Last updated: 2016-08-08;(GLN: 7350080350001, GCP: 735 008035)
1606;7350080352692;I AMhh interior AB;Last updated: 2016-08-08;(GLN: 7350080350001, GCP: 735 008035)
1607;7350080352708;I AMhh interior AB;Last updated: 2016-08-08;(GLN: 7350080350001, GCP: 735 008035)
1608;7350081590017;Not found;-;-
1609;7350083102447;Uniquebrands i Göteborg AB;Last updated: 2016-09-19;(GLN: 7350083100009, GCP: 735 008310)
1610;7350083102454;Uniquebrands i Göteborg AB;Last updated: 2016-09-19;(GLN: 7350083100009, GCP: 735 008310)
1611;7350085720007;Skåne Läns Landsting;Last updated: 2015-11-23;(GLN: 7381000004407, GCP: 735 008572)
1612;7350085720038;Skåne Läns Landsting;Last updated: 2015-11-23;(GLN: 7381000004407, GCP: 735 008572)
1613;7350085720045;Skåne Läns Landsting;Last updated: 2015-11-23;(GLN: 7381000004407, GCP: 735 008572)
1614;7350085720137;Skåne Läns Landsting;Last updated: 2015-11-23;(GLN: 7381000004407, GCP: 735 008572)
1615;7350088010051;Tandläkare Kögel Ermeskog AB;Last updated: 2016-08-04;(GLN: 7350088010006, GCP: 735 008801)
1616;7350089530015;Elsekjells AB;Last updated: 2016-09-19;(GLN: 7350089530008, GCP: 735 008953)
1617;7350090900470;Quality Equipment Sweden AB;Last updated: 2016-08-27;(GLN: 7350090900005, GCP: 735 009090)
1618;7350090900548;Quality Equipment Sweden AB;Last updated: 2016-08-27;(GLN: 7350090900005, GCP: 735 009090)
1619;7350091450202;Geniun AB;Last updated: 2016-01-22;(GLN: 7350091450004, GCP: 735 009145)
1620;7350092321006;Stefan Mauléon;Last updated: 2016-04-29;(GLN: 7350092320009, GCP: 735 009232)
1621;7350092321501;Stefan Mauléon;Last updated: 2016-04-29;(GLN: 7350092320009, GCP: 735 009232)
1622;7350092326001;Stefan Mauléon;Last updated: 2016-04-29;(GLN: 7350092320009, GCP: 735 009232)
1623;7350500913007;Not found;-;-
1624;7351413900009;Not found;-;-
1625;7351461900006;Not found;-;-
1626;7355012330014;Not found;-;-
1627;7355676324268;Not found;-;-
1628;7355687266601;Not found;-;-
1629;7363369650358;Not found;-;-
1630;7363825486248;Not found;-;-
1631;7365110000009;Not found;-;-
1632;7365600001226;Not found;-;-
1633;7368523486248;Not found;-;-
1634;7368820008471;Not found;-;-
1635;7381290001025;Not found;-;-
1636;7381290001032;Not found;-;-
1637;7381290001049;Not found;-;-
1638;7381290001063;Not found;-;-
1639;7381290001087;Not found;-;-
1640;7381290001100;Not found;-;-
1641;7381290001117;Not found;-;-
1642;7381290001124;Not found;-;-
1643;7381290001155;Not found;-;-
1644;7381290001162;Not found;-;-
1645;7381290001179;Not found;-;-
1646;7381290002022;Not found;-;-
1647;7381290002039;Not found;-;-
1648;7381290002060;Not found;-;-
1649;7381290002107;Not found;-;-
1650;7381290002510;Not found;-;-
1651;7381290002527;Not found;-;-
1652;7381290003036;Not found;-;-
1653;7381290004033;Not found;-;-
1654;7383882000003;Not found;-;-
1655;7383883100009;Not found;-;-
1656;7385000000000;Not found;-;-
1657;7385040000000;Not found;-;-
1658;7386923862486;Not found;-;-
1659;7387102007254;Not found;-;-
1660;7388002300000;Not found;-;-
1661;7388002500000;Not found;-;-
1662;7388002800000;Not found;-;-
1663;7388004300000;Not found;-;-
1664;7388013700000;Not found;-;-
1665;7388018900000;Not found;-;-
1666;7388019300000;Not found;-;-
1667;7388024400000;Tidsam AB;Last updated: 2016-07-12;(GLN: 7381000006500, GCP: 7388 0)
1668;7388025400000;Not found;-;-
1669;7388035800000;Not found;-;-
1670;7388042200000;Not found;-;-
1671;7388047200000;Not found;-;-
1672;7388063300000;Not found;-;-
1673;7388069300000;Not found;-;-
1674;7388101000000;MTD MORGONTIDIG DISTRIBUTION KB;Last updated: 2015-11-24;(GLN: 7388100000001, GCP: 7388 1)
1675;7388103000000;Not found;-;-
1676;7388103100000;Not found;-;-
1677;7388105900000;Not found;-;-
1678;7388106100000;Not found;-;-
1679;7388107000000;Not found;-;-
1680;7388107600000;Not found;-;-
1681;7388107800000;MTD MORGONTIDIG DISTRIBUTION KB;Last updated: 2015-11-24;(GLN: 7388100000001, GCP: 7388 1)
1682;7388108000000;Not found;-;-
1683;7388110000000;Not found;-;-
1684;7388111000000;Not found;-;-
1685;7388112000000;Not found;-;-
1686;7388113000000;Not found;-;-
1687;7388114000000;Not found;-;-
1688;7388116000000;Not found;-;-
1689;7388118000000;MTD MORGONTIDIG DISTRIBUTION KB;Last updated: 2015-11-24;(GLN: 7388100000001, GCP: 7388 1)
1690;7388118700000;Not found;-;-
1691;7388118800000;Not found;-;-
1692;7388118900000;Not found;-;-
1693;7388120000000;Not found;-;-
1694;7388123800000;Not found;-;-
1695;7388125000000;MTD MORGONTIDIG DISTRIBUTION KB;Last updated: 2015-11-24;(GLN: 7388100000001, GCP: 7388 1)
1696;7388126000000;Not found;-;-
1697;7388127000000;Not found;-;-
1698;7388127200000;Not found;-;-
1699;7388129000000;Not found;-;-
1700;7388131800000;Not found;-;-
1701;7388132300000;Not found;-;-
1702;7388132400000;Not found;-;-
1703;7388132500000;Not found;-;-
1704;7388132600000;Not found;-;-
1705;7388133600000;Not found;-;-
1706;7388134300000;Not found;-;-
1707;7388134500000;Not found;-;-
1708;7388134600000;MTD MORGONTIDIG DISTRIBUTION KB;Last updated: 2015-11-24;(GLN: 7388100000001, GCP: 7388 1)
1709;7388135200000;Not found;-;-
1710;7388136100000;Not found;-;-
1711;7388136300000;Not found;-;-
1712;7388136400000;Not found;-;-
1713;7388137000000;Not found;-;-
1714;7388137200000;Not found;-;-
1715;7388137300000;Not found;-;-
1716;7388138200000;Not found;-;-
1717;7388138300000;Not found;-;-
1718;7388139000000;Not found;-;-
1719;7388139500000;Not found;-;-
1720;7388139600000;Not found;-;-
1721;7388140800000;Not found;-;-
1722;7388141500000;Not found;-;-
1723;7388141700000;Not found;-;-
1724;7388141800000;Not found;-;-
1725;7388142400000;Not found;-;-
1726;7388142500000;Not found;-;-
1727;7388143000000;Not found;-;-
1728;7388144000000;Not found;-;-
1729;7388144700000;Not found;-;-
1730;7388144800000;Not found;-;-
1731;7388145500000;Not found;-;-
1732;7388145900000;Not found;-;-
1733;7388146000000;Not found;-;-
1734;7388146100000;MTD MORGONTIDIG DISTRIBUTION KB;Last updated: 2015-11-24;(GLN: 7388100000001, GCP: 7388 1)
1735;7388146200000;Not found;-;-
1736;7388146600000;Not found;-;-
1737;7388147200000;Not found;-;-
1738;7388150700000;Not found;-;-
1739;7388151600000;Not found;-;-
1740;7388152200000;Not found;-;-
1741;7388152300000;Not found;-;-
1742;7388152600000;Not found;-;-
1743;7388154500000;Not found;-;-
1744;7388155800000;Not found;-;-
1745;7388156000000;MTD MORGONTIDIG DISTRIBUTION KB;Last updated: 2015-11-24;(GLN: 7388100000001, GCP: 7388 1)
1746;7388156200000;Not found;-;-
1747;7388156500000;Not found;-;-
1748;7388156600000;Not found;-;-
1749;7388156800000;Not found;-;-
1750;7388157300000;MTD MORGONTIDIG DISTRIBUTION KB;Last updated: 2015-11-24;(GLN: 7388100000001, GCP: 7388 1)
1751;7388157700000;Not found;-;-
1752;7388158300000;Not found;-;-
1753;7388158600000;MTD MORGONTIDIG DISTRIBUTION KB;Last updated: 2015-11-24;(GLN: 7388100000001, GCP: 7388 1)
1754;7388158800000;Not found;-;-
1755;7388159000000;Not found;-;-
1756;7388159300000;Not found;-;-
1757;7388165100000;Not found;-;-
1758;7388165600000;MTD MORGONTIDIG DISTRIBUTION KB;Last updated: 2015-11-24;(GLN: 7388100000001, GCP: 7388 1)
1759;7388173300000;Not found;-;-
1760;7388202100000;Not found;-;-
1761;7388202700000;Not found;-;-
1762;7388208200000;Not found;-;-
1763;7388211200000;Svenska Interpress AB;Last updated: 2016-09-08;(GLN: 7381000028601, GCP: 7388 2)
1764;7388212800000;Not found;-;-
1765;7388216900000;Not found;-;-
1766;7388219400000;Not found;-;-
1767;7388223300000;Not found;-;-
1768;7388224800000;Not found;-;-
1769;7388225700000;Not found;-;-
1770;7388228500000;Not found;-;-
1771;7388231000000;Svenska Interpress AB;Last updated: 2016-09-08;(GLN: 7381000028601, GCP: 7388 2)
1772;7388234600000;Not found;-;-
1773;7388235900000;Not found;-;-
1774;7388239200000;Not found;-;-
1775;7388243100000;Not found;-;-
1776;7388250800000;Not found;-;-
1777;7388253600000;Not found;-;-
1778;7388256400000;Not found;-;-
1779;7388268100000;Not found;-;-
1780;7388275800000;Svenska Interpress AB;Last updated: 2016-09-08;(GLN: 7381000028601, GCP: 7388 2)
1781;7388276500000;Not found;-;-
1782;7388280400000;Not found;-;-
1783;7388283200000;Not found;-;-
1784;7388283600000;Not found;-;-
1785;7388287400000;Not found;-;-
1786;7388287600000;Not found;-;-
1787;7388290800000;Not found;-;-
1788;7388297400000;Not found;-;-
1789;7388298800000;Not found;-;-
1790;7388299400000;Not found;-;-
1791;7388307100000;Not found;-;-
1792;7388308700000;Svenska Interpress AB;Last updated: 2016-09-08;(GLN: 7381000028601, GCP: 7388 3)
1793;7388308900000;Not found;-;-
1794;7388313000000;Not found;-;-
1795;7388315900000;Not found;-;-
1796;7388316000000;Svenska Interpress AB;Last updated: 2016-09-08;(GLN: 7381000028601, GCP: 7388 3)
1797;7388316600000;Not found;-;-
1798;7388326900000;Svenska Interpress AB;Last updated: 2016-09-08;(GLN: 7381000028601, GCP: 7388 3)
1799;7388329700000;Not found;-;-
1800;7388331600000;Not found;-;-
1801;7388333700000;Not found;-;-
1802;7388353500000;Not found;-;-
1803;7388358800000;Not found;-;-
1804;7388364800000;Not found;-;-
1805;7388389500000;Not found;-;-
1806;7388396200000;Svenska Interpress AB;Last updated: 2016-09-08;(GLN: 7381000028601, GCP: 7388 3)
1807;7388396700000;Not found;-;-
1808;7388398300000;Not found;-;-
1809;7388398400000;Not found;-;-
1810;7388436000000;Not found;-;-
1811;7388440100000;Not found;-;-
1812;7388477700000;Not found;-;-
1813;7388504300000;Not found;-;-
1814;7388514500000;Not found;-;-
1815;7388519000000;Not found;-;-
1816;7388520600000;Not found;-;-
1817;7388528800000;Not found;-;-
1818;7388529800000;Not found;-;-
1819;7388542200000;Not found;-;-
1820;7388542600000;Not found;-;-
1821;7388565700000;Not found;-;-
1822;7388578000000;Not found;-;-
1823;7388582800000;Not found;-;-
1824;7388585700000;Not found;-;-
1825;7388585800000;Not found;-;-
1826;7388587200000;Svenska Interpress AB;Last updated: 2016-09-08;(GLN: 7381000028601, GCP: 7388 5)
1827;7388588700000;Not found;-;-
1828;7388588800000;Not found;-;-
1829;7388589000000;Not found;-;-
1830;7388589100000;Not found;-;-
1831;7388624000000;Not found;-;-
1832;7388624400000;Not found;-;-
1833;7388629900000;Not found;-;-
1834;7388703000000;Not found;-;-
1835;7388704300000;Not found;-;-
1836;7388707500000;Not found;-;-
1837;7388709600000;Not found;-;-
1838;7388711400000;Not found;-;-
1839;7388722000000;Not found;-;-
1840;7388725300000;Not found;-;-
1841;7388733500000;Not found;-;-
1842;7388740500000;Not found;-;-
1843;7388747400000;Not found;-;-
1844;7388747500000;Not found;-;-
1845;7388752200000;Not found;-;-
1846;7388766800000;Not found;-;-
1847;7388771000000;Not found;-;-
1848;7388775900000;Not found;-;-
1849;7388776000000;Not found;-;-
1850;7388776200000;Not found;-;-
1851;7388776400000;Not found;-;-
1852;7388776700000;Not found;-;-
1853;7388776800000;Not found;-;-
1854;7388778500000;Not found;-;-
1855;7388785800000;Not found;-;-
1856;7388786000000;Not found;-;-
1857;7388793400000;Not found;-;-
1858;7388796700000;Not found;-;-
1859;7388800500000;Not found;-;-
1860;7388800800000;Hallpressen AB;Last updated: 2016-07-19;(GLN: 7388800300005, GCP: 73888 008)
1861;7388801000000;Not found;-;-
1862;7388801800000;Not found;-;-
1863;7388803200000;Not found;-;-
1864;7388804100000;Not found;-;-
1865;7388804600000;Not found;-;-
1866;7388805100000;Not found;-;-
1867;7388909500000;Not found;-;-
1868;7388949200000;Not found;-;-
1869;7390305200117;Not found;-;-
1870;7391015101015;Not found;-;-
1871;7391015101022;Not found;-;-
1872;7391015101039;Not found;-;-
1873;7391015101046;Not found;-;-
1874;7391015101053;Not found;-;-
1875;7391015101060;Not found;-;-
1876;7391147002150;Not found;-;-
1877;7391216800021;;Broken at gs1.se;()
1878;7391275027926;;Broken at gs1.se;()
1879;7391275322977;;Broken at gs1.se;()
1880;7391275327989;;Broken at gs1.se;()
1881;7391315003019;Not found;-;-
1882;7391323160414;Huhtamaki Foodservice Nordic Oy, Sweden Filial;Last updated: 2016-09-15;(GLN: 7391323000000, GCP: 739 1323)
1883;7391340253854;Not found;-;-
1884;7391366001019;Not found;-;-
1885;7391366001026;Not found;-;-
1886;7391366001040;Not found;-;-
1887;7391366001170;Not found;-;-
1888;7391366001200;Not found;-;-
1889;7391366001316;Not found;-;-
1890;7391366001583;Not found;-;-
1891;7391366001606;Not found;-;-
1892;7391366001613;Not found;-;-
1893;7391366002023;Not found;-;-
1894;7391366002030;Not found;-;-
1895;7391366002054;Not found;-;-
1896;7391366002078;Not found;-;-
1897;7391366002092;Not found;-;-
1898;7391366002108;Not found;-;-
1899;7391366002115;Not found;-;-
1900;7391366002160;Not found;-;-
1901;7391366002184;Not found;-;-
1902;7391366002290;Not found;-;-
1903;7391366002375;Not found;-;-
1904;7391366002412;Not found;-;-
1905;7391366002481;Not found;-;-
1906;7391366003013;Not found;-;-
1907;7391366003020;Not found;-;-
1908;7391366003037;Not found;-;-
1909;7391366003129;Not found;-;-
1910;7391366003440;Not found;-;-
1911;7391366003464;Not found;-;-
1912;7391366005048;Not found;-;-
1913;7391366005062;Not found;-;-
1914;7391366005642;Not found;-;-
1915;7391366007202;Not found;-;-
1916;7391383604507;Not found;-;-
1917;7391383700001;Not found;-;-
1918;7391406901057;Not found;-;-
1919;7391526012039;Not found;-;-
1920;7391584005707;Not found;-;-
1921;7391596000035;Not found;-;-
1922;7391596011116;Not found;-;-
1923;7391596033330;Not found;-;-
1924;7391647000267;Not found;-;-
1925;7391647000274;Not found;-;-
1926;7391647000281;Not found;-;-
1927;7391647000311;Not found;-;-
1928;7391647000328;Not found;-;-
1929;7391647000335;Not found;-;-
1930;7391647000342;Not found;-;-
1931;7391647000465;Not found;-;-
1932;7391647000472;Not found;-;-
1933;7391647000489;Not found;-;-
1934;7391647001288;Not found;-;-
1935;7391647001608;Not found;-;-
1936;7391647001639;Not found;-;-
1937;7391647001707;Not found;-;-
1938;7391647001714;Not found;-;-
1939;7391647001806;Not found;-;-
1940;7391647001813;Not found;-;-
1941;7391647001820;Not found;-;-
1942;7391647001837;Not found;-;-
1943;7391647002360;Not found;-;-
1944;7391647002377;Not found;-;-
1945;7391647002384;Not found;-;-
1946;7391647002469;Not found;-;-
1947;7391647002575;Not found;-;-
1948;7391647002759;Not found;-;-
1949;7391647002766;Not found;-;-
1950;7391647002773;Not found;-;-
1951;7391647002780;Not found;-;-
1952;7391647002803;Not found;-;-
1953;7391647002926;Not found;-;-
1954;7391647003008;Not found;-;-
1955;7391647003039;Not found;-;-
1956;7391647003138;Not found;-;-
1957;7391647003169;Not found;-;-
1958;7391647003206;Not found;-;-
1959;7391647003428;Not found;-;-
1960;7391647003572;Not found;-;-
1961;7391647003596;Not found;-;-
1962;7391647003640;Not found;-;-
1963;7391647003657;Not found;-;-
1964;7391647003664;Not found;-;-
1965;7391647003671;Not found;-;-
1966;7391647003695;Not found;-;-
1967;7391647003701;Not found;-;-
1968;7391647003992;Not found;-;-
1969;7391647004005;Not found;-;-
1970;7391647004012;Not found;-;-
1971;7391647004029;Not found;-;-
1972;7391647004043;Not found;-;-
1973;7391647004050;Not found;-;-
1974;7391647004067;Not found;-;-
1975;7391647004210;Not found;-;-
1976;7391647004272;Not found;-;-
1977;7391647004289;Not found;-;-
1978;7391647004296;Not found;-;-
1979;7391647004302;Not found;-;-
1980;7391647004319;Not found;-;-
1981;7391647004326;Not found;-;-
1982;7391647004333;Not found;-;-
1983;7391647004340;Not found;-;-
1984;7391647004388;Not found;-;-
1985;7391647004395;Not found;-;-
1986;7391647004401;Not found;-;-
1987;7391647004418;Not found;-;-
1988;7391647004432;Not found;-;-
1989;7391647004449;Not found;-;-
1990;7391647004470;Not found;-;-
1991;7391647004487;Not found;-;-
1992;7391647004494;Not found;-;-
1993;7391647004524;Not found;-;-
1994;7391647004531;Not found;-;-
1995;7391647004548;Not found;-;-
1996;7391647004555;Not found;-;-
1997;7391647004562;Not found;-;-
1998;7391647004579;Not found;-;-
1999;7391647004586;Not found;-;-
2000;7391647004616;Not found;-;-
2001;7391647004623;Not found;-;-
2002;7391647004630;Not found;-;-
2003;7391647004722;Not found;-;-
2004;7391647004746;Not found;-;-
2005;7391647004753;Not found;-;-
2006;7391647004760;Not found;-;-
2007;7391777364727;Not found;-;-
2008;7391793002009;Not found;-;-
2009;7391793002016;Not found;-;-
2010;7391793002023;Not found;-;-
2011;7391805316100;;Broken at gs1.se;()
2012;7391805361025;;Broken at gs1.se;()
2013;7391854002115;Not found;-;-
2014;7391854002153;Not found;-;-
2015;7391854002214;Not found;-;-
2016;7391854003082;Not found;-;-
2017;7391854003112;Not found;-;-
2018;7391854003174;Not found;-;-
2019;7391854003181;Not found;-;-
2020;7391854004546;Not found;-;-
2021;7391854005093;Not found;-;-
2022;7391854005369;Not found;-;-
2023;7391854022045;Not found;-;-
2024;7391897990103;Not found;-;-
2025;7391946079360;Not found;-;-
2026;7391976312123;Not found;-;-
2027;7392052551641;Not found;-;-
2028;7392119803577;Not found;-;-
2029;7392212000033;Not found;-;-
2030;7392395210342;Not found;-;-
2031;7392426003059;Future Eyewear Group Sweden AB;Last updated: 2016-04-27;(GLN: 7392426000003, GCP: 739 2426)
2032;7392521010112;Not found;-;-
2033;7392521010419;Not found;-;-
2034;7392561000074;Not found;-;-
2035;7392561000081;Not found;-;-
2036;7392561000104;Not found;-;-
2037;7392561000142;Not found;-;-
2038;7392561000166;Not found;-;-
2039;7392561000197;Not found;-;-
2040;7392561000203;Not found;-;-
2041;7392561000234;Not found;-;-
2042;7392561000333;Not found;-;-
2043;7392561000340;Not found;-;-
2044;7392561000357;Not found;-;-
2045;7392561000661;Not found;-;-
2046;7392561000678;Not found;-;-
2047;7392561001033;Not found;-;-
2048;7392561001040;Not found;-;-
2049;7392561001217;Not found;-;-
2050;7392561001453;Not found;-;-
2051;7392561001491;Not found;-;-
2052;7392561001682;Not found;-;-
2053;7392561001705;Not found;-;-
2054;7392561001712;Not found;-;-
2055;7392561001927;Not found;-;-
2056;7392561001965;Not found;-;-
2057;7392561002030;Not found;-;-
2058;7392561002078;Not found;-;-
2059;7392561002443;Not found;-;-
2060;7392561002481;Not found;-;-
2061;7392561003082;Not found;-;-
2062;7392561003303;Not found;-;-
2063;7392584293804;Runsven AB;Last updated: 2016-07-23;(GLN: 7392584000006, GCP: 739 2584)
2064;7392591004059;Not found;-;-
2065;7392594011016;Not found;-;-
2066;7392594061172;Not found;-;-
2067;7392595015259;Adelsöägg AB;Last updated: 2016-02-19;(GLN: 7392595000002, GCP: 739 2595)
2068;7392626037335;Ejendals AB;Last updated: 2016-06-09;(GLN: 7392626000001, GCP: 739 2626)
2069;7392637010518;Not found;-;-
2070;7392637010549;Not found;-;-
2071;7392637011027;Not found;-;-
2072;7392637011034;Not found;-;-
2073;7392637011041;Not found;-;-
2074;7392637011065;Not found;-;-
2075;7392637011072;Not found;-;-
2076;7392637011089;Not found;-;-
2077;7392637011157;Not found;-;-
2078;7392637013014;Not found;-;-
2079;7392637020517;Not found;-;-
2080;7392637020555;Not found;-;-
2081;7392637020661;Not found;-;-
2082;7392637020883;Not found;-;-
2083;7392637021040;Not found;-;-
2084;7392637021057;Not found;-;-
2085;7392637021088;Not found;-;-
2086;7392637021101;Not found;-;-
2087;7392637021194;Not found;-;-
2088;7392637021200;Not found;-;-
2089;7392637021309;Not found;-;-
2090;7392637022566;Not found;-;-
2091;7392637022610;Not found;-;-
2092;7392637023105;Not found;-;-
2093;7392637023181;Not found;-;-
2094;7392637023198;Not found;-;-
2095;7392637023228;Not found;-;-
2096;7392637023327;Not found;-;-
2097;7392637023358;Not found;-;-
2098;7392637029596;Not found;-;-
2099;7392637029602;Not found;-;-
2100;7392637029619;Not found;-;-
2101;7392637029626;Not found;-;-
2102;7392637029633;Not found;-;-
2103;7392637029640;Not found;-;-
2104;7392637029657;Not found;-;-
2105;7392637029688;Not found;-;-
2106;7392637029695;Not found;-;-
2107;7392637030011;Not found;-;-
2108;7392637030028;Not found;-;-
2109;7392637030066;Not found;-;-
2110;7392637030073;Not found;-;-
2111;7392637031063;Not found;-;-
2112;7392637032060;Not found;-;-
2113;7392637033067;Not found;-;-
2114;7392637034064;Not found;-;-
2115;7392637035061;Not found;-;-
2116;7392637036068;Not found;-;-
2117;7392637037065;Not found;-;-
2118;7392637045060;Not found;-;-
2119;7392637050231;Not found;-;-
2120;7392637050316;Not found;-;-
2121;7392637050323;Not found;-;-
2122;7392637050330;Not found;-;-
2123;7392637050354;Not found;-;-
2124;7392637050378;Not found;-;-
2125;7392637050392;Not found;-;-
2126;7392637050446;Not found;-;-
2127;7392637060216;Not found;-;-
2128;7392637060223;Not found;-;-
2129;7392637060315;Not found;-;-
2130;7392637060360;Not found;-;-
2131;7392637060377;Not found;-;-
2132;7392637060438;Not found;-;-
2133;7392637061343;Not found;-;-
2134;7392637061411;Not found;-;-
2135;7392637061428;Not found;-;-
2136;7392637080030;Not found;-;-
2137;7392637080047;Not found;-;-
2138;7392637080061;Not found;-;-
2139;7392637080078;Not found;-;-
2140;7392637080085;Not found;-;-
2141;7392665623872;Not found;-;-
2142;7392672001120;Lindahls Mejeri Produkter AB;Last updated: 2016-08-12;(GLN: 7392672000000, GCP: 739 2672)
2143;7392672001571;Lindahls Mejeri Produkter AB;Last updated: 2016-08-12;(GLN: 7392672000000, GCP: 739 2672)
2144;7392704191058;Not found;-;-
2145;7392752100088;Not found;-;-
2146;7392752100095;Not found;-;-
2147;7392752110315;Not found;-;-
2148;7392752110322;Not found;-;-
2149;7392752110346;Not found;-;-
2150;7392752110377;Not found;-;-
2151;7392752220953;Not found;-;-
2152;7392752220984;Not found;-;-
2153;7392752440276;Not found;-;-
2154;7392752581047;Not found;-;-
2155;7392813266067;Bårebo Nordic AB;Last updated: 2016-07-12;(GLN: 7318970000009, GCP: 739 2813)
2156;7392856000147;Not found;-;-
2157;7392856000543;Not found;-;-
2158;7392893003101;Not found;-;-
2159;7392893003255;Not found;-;-
2160;7392893003309;Not found;-;-
2161;7392893008120;Not found;-;-
2162;7393067000278;Not found;-;-
2163;7393155001149;;Broken at gs1.se;()
2164;7393670000023;Åke P Holding AB;Last updated: 2015-12-21;(GLN: 7393670000009, GCP: 739 3670)
2165;7393717003895;Not found;-;-
2166;7393750003371;Not found;-;-
2167;7393750003487;Not found;-;-
2168;7393750007577;Not found;-;-
2169;7393750007584;Not found;-;-
2170;7393833451556;Not found;-;-
2171;7393833712107;Not found;-;-
2172;7393981365507;Miljösäck i Norrköping AB;Last updated: 2016-09-08;(GLN: 7393981000002, GCP: 739 3981)
2173;7393986008102;Not found;-;-
2174;7394015060412;Not found;-;-
2175;7394015060436;Not found;-;-
2176;7394015065011;Not found;-;-
2177;7394015065028;Not found;-;-
2178;7394052002055;Gjöco AB;Last updated: 2016-05-10;(GLN: 7394052000006, GCP: 739 4052)
2179;7394228606230;Not found;-;-
2180;7394246200045;Energikakan i Kalmar AB;Last updated: 2016-01-05;(GLN: 7394246000003, GCP: 739 4246)
2181;7394246200069;Energikakan i Kalmar AB;Last updated: 2016-01-05;(GLN: 7394246000003, GCP: 739 4246)
2182;7394246200083;Energikakan i Kalmar AB;Last updated: 2016-01-05;(GLN: 7394246000003, GCP: 739 4246)
2183;7394246200199;Energikakan i Kalmar AB;Last updated: 2016-01-05;(GLN: 7394246000003, GCP: 739 4246)
2184;7394261200488;Not found;-;-
2185;7394288950939;Not found;-;-
2186;7394413800016;Not found;-;-
2187;7394413800023;Not found;-;-
2188;7394413800030;Not found;-;-
2189;7394413800054;Not found;-;-
2190;7394413800061;Not found;-;-
2191;7394413800078;Not found;-;-
2192;7394413800092;Not found;-;-
2193;7394413800108;Not found;-;-
2194;7394413800122;Not found;-;-
2195;7394413800146;Not found;-;-
2196;7394413800153;Not found;-;-
2197;7394413800160;Not found;-;-
2198;7394413800177;Not found;-;-
2199;7394413800184;Not found;-;-
2200;7394413800191;Not found;-;-
2201;7394413800207;Not found;-;-
2202;7394413800214;Not found;-;-
2203;7394413800221;Not found;-;-
2204;7394413800238;Not found;-;-
2205;7394413800245;Not found;-;-
2206;7394413800320;Not found;-;-
2207;7394413800337;Not found;-;-
2208;7394413800344;Not found;-;-
2209;7394413800351;Not found;-;-
2210;7394413800405;Not found;-;-
2211;7394413800412;Not found;-;-
2212;7394413800429;Not found;-;-
2213;7394413800443;Not found;-;-
2214;7394413800450;Not found;-;-
2215;7394413800467;Not found;-;-
2216;7394413800511;Not found;-;-
2217;7394413800535;Not found;-;-
2218;7394413801013;Not found;-;-
2219;7394413801020;Not found;-;-
2220;7394413801037;Not found;-;-
2221;7394413801044;Not found;-;-
2222;7394413801136;Not found;-;-
2223;7394413801143;Not found;-;-
2224;7394413801273;Not found;-;-
2225;7394413801280;Not found;-;-
2226;7394413801310;Not found;-;-
2227;7394413801426;Not found;-;-
2228;7394413801495;Not found;-;-
2229;7394413801563;Not found;-;-
2230;7394413801570;Not found;-;-
2231;7394413801662;Not found;-;-
2232;7394413801693;Not found;-;-
2233;7394413802027;Not found;-;-
2234;7394413802386;Not found;-;-
2235;7394413802737;Not found;-;-
2236;7394413802744;Not found;-;-
2237;7394413802768;Not found;-;-
2238;7394413802775;Not found;-;-
2239;7394413802782;Not found;-;-
2240;7394413803277;Not found;-;-
2241;7394413803284;Not found;-;-
2242;7394413803291;Not found;-;-
2243;7394413803307;Not found;-;-
2244;7394413803314;Not found;-;-
2245;7394413803321;Not found;-;-
2246;7394413803352;Not found;-;-
2247;7394413803369;Not found;-;-
2248;7394413804052;Not found;-;-
2249;7394413804267;Not found;-;-
2250;7394413804311;Not found;-;-
2251;7394413804328;Not found;-;-
2252;7394413804397;Not found;-;-
2253;7394413804403;Not found;-;-
2254;7394413804489;Not found;-;-
2255;7394413804496;Not found;-;-
2256;7394413804540;Not found;-;-
2257;7399535002997;Not found;-;-
2258;7399535003994;Not found;-;-
2259;7399535012903;Not found;-;-
2260;7399535014907;Not found;-;-
2261;7399536002491;Not found;-;-
2262;7399536003993;Not found;-;-
2263;7399536004990;Not found;-;-
2264;7399536005904;Not found;-;-
2265;7399536006901;Not found;-;-
2266;7399536007908;Not found;-;-
2267;7399536009902;Not found;-;-
2268;7399536012902;Not found;-;-
2269;7399536014906;Not found;-;-
2270;7399536015903;Not found;-;-
2271;7399536017907;Not found;-;-
2272;7399536019901;Not found;-;-
2273;7399536024905;Not found;-;-
2274;7399536029900;Not found;-;-
2275;7399537001493;Not found;-;-
2276;7399537001691;Not found;-;-
2277;7399537001998;Not found;-;-
2278;7399537002490;Not found;-;-
2279;7399537002995;Not found;-;-
2280;7399537003497;Not found;-;-
2281;7399537003992;Not found;-;-
2282;7399537004999;Not found;-;-
2283;7399537005903;Not found;-;-
2284;7399537006900;Not found;-;-
2285;7399537007907;Not found;-;-
2286;7399537009901;Not found;-;-
2287;7399537014905;Not found;-;-
